pid,event_type,prompt,run,response_number,response,corpus_response,response_onset_time_audacity_sec,response_onset_time_fMRI_sec,response_onset_time_task_relative_sec,subjSwitch_semantic,subjSwitch_phonetic,RT,frequency_ln,similarity_semantic_context,similarity_semantic_complete,phonetic_similarity,objSwitch_simDropContext,objSwitch_simDropComplete,objSwitch_chain,deltaSim_f1r0_context,subj_delta_sim_intersection,Troyer_fluid_switch,Troyer_static_switch,all_categories,running_categories_static
50001,category,foods,2,1,chips,chips,323.4,314.76,4.76,2,,4.76,9.99392223,0,0,,2,2,,2,2,,,,
50001,category,foods,2,2,rice,rice,326.4,317.76,7.76,0,,3,10.03950336,0.315004428,0.607960141,,0,0,,0,0,,,,
50001,category,foods,2,3,sushi,sushi,328.3,319.66,9.66,0,,1.9,7.483806688,0.24204067,0.466887758,,1,0,,0,0,,,,
50001,category,foods,2,4,noodles,noodles,330.8,322.16,12.16,0,,2.5,8.169336396,0.242787941,0.457528321,,0,1,,0,0,,,,
50001,category,foods,2,5,spinach,spinach,335.1,326.46,16.46,1,,4.3,7.763446389,0.350904457,0.578425502,,0,0,,0,0,,,,
50001,category,foods,2,6,squash,squash,338.1,329.46,19.46,0,,3,8.592300664,0.227147359,0.504403659,,0,0,,1,0,,,,
50001,category,foods,2,7,orange,orange,340.9,332.26,22.26,0,,2.8,11.19445423,0.163573963,0.461357919,,0,0,,1,0,,,,
50001,category,foods,2,8,chicken,chicken,344.6,335.96,25.96,1,,3.7,10.6803093,0.078074775,0.434325606,,1,1,,1,1,,,,
50001,category,foods,2,9,beef,beef,347.6,338.96,28.96,0,,3,9.854717388,0.485733217,0.689504674,,0,0,,0,0,,,,
50001,category,foods,2,10,pork,pork,349.1,340.46,30.46,0,,1.5,9.213634939,0.525138411,0.697735143,,0,0,,0,0,,,,
50001,category,foods,2,11,celery,celery,352.7,344.06,34.06,1,,3.6,7.773594467,0.192945962,0.503179135,,0,0,,1,1,,,,
50001,category,foods,2,12,tomato,tomato,357.6,348.96,38.96,0,,4.9,8.966483779,0.116275479,0.398294492,,1,0,,1,0,,,,
50001,category,foods,2,13,hummus,hummus,361.6,352.96,42.96,0,,4,5.934894196,0.184060722,0.360485091,,0,0,,0,0,,,,
50001,category,foods,2,14,peas,peas,366,357.36,47.36,0,,4.4,8.895081532,0.165057002,0.35863506,,1,1,,0,0,,,,
50001,category,foods,2,15,potatoes,potatoes,370,361.36,51.36,0,,4,9.890655574,0.356906015,0.596456017,,0,0,,0,0,,,,
50001,category,foods,2,16,cheese,cheese,383,374.36,64.36,0,,13,10.49971075,0.289682816,0.614813711,,0,0,,0,0,,,,
50001,category,foods,2,17,beans,beans,388.8,380.16,70.16,0,,5.8,9.95056196,0.266319506,0.600749751,,1,0,,0,0,,,,
50001,category,foods,2,18,salad,salad,391.8,383.16,73.16,0,,3,9.964394487,0.280468997,0.586766384,,0,0,,0,0,,,,
50001,category,foods,2,19,hot_dog,hot_dog,400.7,392.06,82.06,1,,8.9,7.832410927,0.189150262,0.482159115,,1,1,,0,0,,,,
50001,category,foods,2,20,sandwich,sandwich,403.1,394.46,84.46,0,,2.4,10.2592721,0.378854603,0.618895223,,0,0,,0,0,,,,
50001,category,foods,2,21,raspberries,raspberries,406.3,397.66,87.66,1,,3.2,7.318539549,0.157935917,0.496898238,,1,0,,1,1,,,,
50001,category,foods,2,22,banana,banana,408.8,400.16,90.16,0,,2.5,8.893435441,0.22259434,0.494391434,,0,0,,0,0,,,,
50001,category,foods,2,23,blueberries,blueberries,411.1,402.46,92.46,0,,2.3,6.895682698,0.24657935,0.468862224,,0,1,,0,0,,,,
50001,category,foods,2,24,pudding,pudding,413.4,404.76,94.76,0,,2.3,9.209840247,0.230473361,0.4947809,,0,0,,0,0,,,,
50001,category,foods,2,25,bagel,bagel,415.9,407.26,97.26,0,,2.5,7.6989362,0.133468731,0.483158099,,1,1,,0,0,,,,
50001,category,foods,2,26,doughnut,doughnut,419.5,410.86,100.86,0,,3.6,8.111928063,0.588223712,0.714600168,,0,0,,0,0,,,,
50001,category,foods,2,27,eggs,eggs,425.9,417.26,107.26,0,,6.4,10.74694949,0.22024544,0.517012348,,1,0,,1,0,,,,
50001,category,foods,2,28,burrito,burrito,434.9,426.26,116.26,1,,9,6.745236349,0.248402475,0.507664314,,0,0,,0,0,,,,
50001,category,foods,2,29,yogurt,yogurt,441.7,433.06,123.06,1,,6.8,7.711101252,0.281979552,0.504943885,,0,1,,0,0,,,,
50001,category,foods,2,30,pretzels,pretzels,445,436.36,126.36,0,,3.3,7.126890809,0.206084956,0.528568722,,0,0,,0,0,,,,
50001,category,foods,2,31,granola,granola,448.4,439.76,129.76,0,,3.4,6.690842277,0.159704633,0.297993428,,0,1,,0,0,,,,
50001,category,foods,2,32,cookie,cookie,456.8,448.16,138.16,0,,8.4,9.505916207,0.137602505,0.298150221,,1,0,,0,0,,,,
50001,category,foods,2,33,pizza,pizza,495.4,486.76,176.76,1,,38.6,9.951944328,0.257262759,0.555215018,,0,0,,0,0,,,,
50001,category,foods,2,34,egg_roll,egg_roll,499,490.36,180.36,0,,3.6,5.393627546,0.255299529,0.414361545,,0,0,,0,0,,,,
50002,category,foods,3,1,apple,apple,29.45,23.134,3.134,2,,3.134,10.46743679,0,0,,2,2,,2,2,,,,
50002,category,foods,3,2,orange,orange,30.15,23.834,3.834,1,,0.7,11.19445423,0.319844157,0.595290058,,0,0,,0,0,,,,
50002,category,foods,3,3,avocado,avocado,31.3,24.984,4.984,1,,1.15,7.089243155,0.231450877,0.458132538,,0,0,,0,0,,,,
50002,category,foods,3,4,spaghetti,spaghetti,34.25,27.934,7.934,1,,2.95,8.718500048,0.182985046,0.422147741,,1,1,,0,0,,,,
50002,category,foods,3,5,rice,rice,36.1,29.784,9.784,1,,1.85,10.03950336,0.286714889,0.557462322,,0,0,,0,0,,,,
50002,category,foods,3,6,noodles,noodles,38.6,32.284,12.284,1,,2.5,8.169336396,0.560147301,0.733249879,,0,0,,0,0,,,,
50002,category,foods,3,7,chofan,fried_rice,39.4,33.084,13.084,0,,0.8,6.06610809,0.478099237,0.596771615,,0,0,,0,0,,,,
50002,category,foods,3,8,udon,udon,40.5,34.184,14.184,0,,1.1,4.9698133,0.142241177,0.206465787,,0,0,,1,0,,,,
50002,category,foods,3,9,penne,penne,44.15,37.834,17.834,0,,3.65,5.099866428,0.074392526,0.087110532,,1,1,,1,0,,,,
50002,category,foods,3,10,adobo,adobo,46.9,40.584,20.584,1,,2.75,3.871201011,0.131510046,0.112545864,,0,0,,0,0,,,,
50002,category,foods,3,11,karikara,teriyaki_chicken,50.3,43.984,23.984,0,,3.4,2.944438979,0.090161214,0.083890599,,0,0,,0,0,,,,
50002,category,foods,3,12,bulgogi,korean_barbecue,51.85,45.534,25.534,0,,1.55,1.609437912,0.089542911,0.003082397,,0,1,,0,0,,,,
50002,category,foods,3,13,lumpia,egg_roll,54.45,48.134,28.134,0,,2.6,5.393627546,0.020554783,0.156359246,,1,0,,0,0,,,,
50002,category,foods,3,14,tapas,tapas,59.2,52.884,32.884,1,,4.75,5.755742214,0.08887954,0.225711721,,0,0,,0,0,,,,
50002,category,foods,3,15,omelette,omelette,61,54.684,34.684,1,,1.8,7.431891917,0.172235866,0.324909932,,0,0,,0,0,,,,
50002,category,foods,3,16,milkshake,milkshake,62.9,56.584,36.584,1,,1.9,6.894670039,0.170112231,0.462992519,,0,0,,0,0,,,,
50002,category,foods,3,17,lemon_square,lemon_square,65.8,59.484,39.484,1,,2.9,2.302585093,0.027763526,0.077679488,,1,1,,0,0,,,,
50002,category,foods,3,18,lasagna,lasagna,68.25,61.934,41.934,1,,2.45,7.626082758,0.214549416,0.136984185,,0,0,,0,0,,,,
50002,category,foods,3,19,latkes,latkes,71.3,64.984,44.984,0,,3.05,4.110873864,0.256841945,0.297576911,,0,0,,0,0,,,,
50002,category,foods,3,20,pierogies,pierogies,74.35,68.034,48.034,1,,3.05,2.833213344,0.199180335,0.142159905,,0,0,,0,0,,,,
50002,category,foods,3,21,strudel,strudel,77.2,70.884,50.884,1,,2.85,6.131226489,0.03404526,0.067866534,,1,1,,1,1,,,,
50002,category,foods,3,22,eggplant,eggplant,80.4,74.084,54.084,1,,3.2,7.655390645,0.10892046,0.398732059,,0,0,,0,0,,,,
50002,category,foods,3,23,chicken,chicken,84.45,78.134,58.134,1,,4.05,10.6803093,0.339816207,0.546474625,,0,0,,0,0,,,,
50002,category,foods,3,24,beef,beef,85.85,79.534,59.534,1,,1.4,9.854717388,0.485733217,0.689504674,,0,0,,0,0,,,,
50002,category,foods,3,25,pork,pork,87.1,80.784,60.784,1,,1.25,9.213634939,0.525138411,0.697735143,,0,0,,0,0,,,,
50002,category,foods,3,26,meat_bun,meat_bun,96.1,89.784,69.784,1,,9,1.098612289,0.050968556,0.092262145,,1,0,,1,1,,,,
50002,category,foods,3,27,sausage,sausage,100.4,94.084,74.084,1,,4.3,9.258177701,0.055924409,0.082400949,,0,1,,0,0,,,,
50002,category,foods,3,28,bacon,bacon,102,95.684,75.684,1,,1.6,10.09786119,0.615894643,0.771243675,,0,0,,0,0,,,,
50002,category,foods,3,29,taco_bell,taco_bell,106.3,99.984,79.984,1,,4.3,5.713732806,0.047600466,0.278305334,,0,0,,1,1,,,,
50002,category,foods,3,30,milanesa,meat_fillet,109.65,103.334,83.334,0,,3.35,0,0.01832354,0.00114166,,1,0,,1,0,,,,
50002,category,foods,3,31,nachos,nachos,112.55,106.234,86.234,0,,2.9,6.461468176,0.039492083,0.000683,,0,1,,0,0,,,,
50002,category,foods,3,32,apple_pie,apple_pie,116.9,110.584,90.584,1,,4.35,7.9686657,0.214960105,0.493330249,,0,0,,0,0,,,,
50002,category,foods,3,33,angel_food_cake,angel_food_cake,119.8,113.484,93.484,0,,2.9,4.465908119,0.386910296,0.384828128,,0,0,,0,0,,,,
50002,category,foods,3,34,minestrone,minestrone,124.15,117.834,97.834,1,,4.35,5.351858133,0.017401108,0.116673196,,1,1,,1,1,,,,
50002,category,foods,3,35,baked_potato,baked_potato,126.05,119.734,99.734,1,,1.9,6.499787041,0.074833934,0.184714414,,0,0,,0,0,,,,
50002,category,foods,3,36,asparagus,asparagus,127.45,121.134,101.134,0,,1.4,7.696667082,0.284410362,0.494671994,,0,0,,0,0,,,,
50002,category,foods,3,37,lettuce,lettuce,129.5,123.184,103.184,0,,2.05,8.490438454,0.36435022,0.595661142,,0,0,,0,0,,,,
50002,category,foods,3,38,brussels_sprouts,brussels_sprouts,130.55,124.234,104.234,0,,1.05,6.251903883,0.271650309,0.478910574,,1,0,,0,0,,,,
50002,category,foods,3,39,kohlrabi,kohlrabi,134.5,128.184,108.184,0,,3.95,3.63758616,0.339391734,0.256385499,,0,0,,0,0,,,,
50002,category,foods,3,40,artichoke,artichoke,139.3,132.984,112.984,0,,4.8,6.386879319,0.027466781,0.038277971,,1,1,,1,0,,,,
50002,category,foods,3,41,oxtail,oxtail,144.25,137.934,117.934,1,,4.95,5.424950017,0.050327546,0.178692635,,0,0,,0,0,,,,
50002,category,foods,3,42,menudo,menudo,147.35,141.034,121.034,0,,3.1,4.941642423,0.024337144,0.139569555,,0,0,,0,0,,,,
50002,category,foods,3,43,chicken_barbecue,chicken_barbecue,150.5,144.184,124.184,0,,3.15,1.791759469,0.000352,0.0001,,0,1,,0,0,,,,
50002,category,foods,3,44,ribs,ribs,152.7,146.384,126.384,0,,2.2,10.70991877,0.0001,0.057715785,,1,0,,0,0,,,,
50002,category,foods,3,45,fried_chicken,fried_chicken,155.3,148.984,128.984,0,,2.6,7.793586803,0.089975883,0.427130765,,0,0,,0,0,,,,
50002,category,foods,3,46,waffles,waffles,157.2,150.884,130.884,1,,1.9,7.340186835,0.250232047,0.494013329,,0,0,,0,0,,,,
50002,category,foods,3,47,french_fries,french_fries,158.55,152.234,132.234,0,,1.35,7.486052618,0.329585294,0.540209714,,0,0,,0,0,,,,
50002,category,foods,3,48,hot_dog,hot_dog,160.6,154.284,134.284,0,,2.05,7.832410927,0.26884464,0.490540696,,1,0,,0,0,,,,
50002,category,foods,3,49,corn_dog,corn_dog,161.55,155.234,135.234,0,,0.95,4.663439094,0.386503708,0.430594111,,0,0,,0,0,,,,
50002,category,foods,3,50,plantains,plantains,168.25,161.934,141.934,1,,6.7,5.641907071,0.004384109,0.104500296,,1,1,,1,1,,,,
50002,category,foods,3,51,cassava,cassava,171.5,165.184,145.184,0,,3.25,5.429345629,0.362112507,0.277670647,,0,0,,0,0,,,,
50002,category,foods,3,52,dumplings,dumplings,179,172.684,152.684,0,,7.5,7.383368147,0.094961193,0.221992456,,1,1,,1,0,,,,
50002,category,foods,3,53,rye_bread,rye_bread,183.6,177.284,157.284,1,,4.6,6.135564891,0.119777461,0.345181102,,0,0,,0,0,,,,
50002,category,foods,3,54,pickle,pickle,184.7,178.384,158.384,1,,1.1,8.176953868,0.252388838,0.386917677,,0,0,,0,0,,,,
50002,category,foods,3,55,sushi,sushi,191.8,185.484,165.484,1,,7.1,7.483806688,0.157271657,0.433796438,,1,0,,0,0,,,,
50002,category,foods,3,56,tempura,tempura,193.2,186.884,166.884,1,,1.4,4.912654886,0.227100424,0.309197508,,0,0,,0,0,,,,
50002,category,foods,3,57,tonkatsu,pork_cutlet,197.2,190.884,170.884,0,,4,2.397895273,0.013367954,0.059776156,,1,0,,1,0,,,,
50002,category,foods,3,58,kimchi,kimchi,201.1,194.784,174.784,1,,3.9,4.143134726,0.015881764,0.028873051,,0,0,,0,0,,,,
50003,category,foods,2,1,french_fries,french_fries,332.3,314.572,4.572,2,,4.572,7.486052618,0,0,,2,2,,2,2,,,,
50003,category,foods,2,2,rotisserie_chicken,rotisserie_chicken,334.2,316.472,6.472,0,,1.9,4.094344562,0.231732257,0.355633429,,0,0,,1,0,,,,
50003,category,foods,2,3,beef,beef,336.4,318.672,8.672,0,,2.2,9.854717388,0.207055725,0.355128898,,1,1,,1,0,,,,
50003,category,foods,2,4,hamburger,hamburger,337.6,319.872,9.872,0,,1.2,8.491259809,0.308400334,0.602849186,,0,0,,0,0,,,,
50003,category,foods,2,5,salad,salad,339.3,321.572,11.572,1,,1.7,9.964394487,0.323226238,0.611800916,,0,0,,0,0,,,,
50003,category,foods,2,6,apple,apple,343.1,325.372,15.372,0,,3.8,10.46743679,0.192799005,0.510253233,,1,1,,0,0,,,,
50003,category,foods,2,7,orange,orange,344.5,326.772,16.772,0,,1.4,11.19445423,0.319844157,0.595290058,,0,0,,0,0,,,,
50003,category,foods,2,8,banana,banana,345.1,327.372,17.372,0,,0.6,8.893435441,0.207986991,0.513354933,,1,0,,0,0,,,,
50003,category,foods,2,9,kiwi,kiwi,349.4,331.672,21.672,0,,4.3,6.725033642,0.264987004,0.445252957,,0,0,,0,0,,,,
50003,category,foods,2,10,peppers,peppers,351,333.272,23.272,0,,1.6,7.820439515,0.071425805,0.301918261,,1,1,,1,0,,,,
50003,category,foods,2,11,pizza,pizza,359.8,342.072,32.072,1,,8.8,9.951944328,0.112304089,0.423480148,,0,0,,0,0,,,,
50003,category,foods,2,12,steak,steak,362.5,344.772,34.772,0,,2.7,9.583970757,0.36652424,0.63245896,,0,0,,0,0,,,,
50003,category,foods,2,13,tater_tots,tater_tots,366.5,348.772,38.772,0,,4,4.290459441,0.099821767,0.312715902,,0,0,,1,0,,,,
50003,category,foods,2,14,fish,fish,373,355.272,45.272,0,,6.5,11.65383458,0.055328444,0.303194288,,1,1,,1,0,,,,
50003,category,foods,2,15,cod,cod,374.3,356.572,46.572,0,,1.3,8.384575667,0.151640492,0.517926439,,0,0,,0,0,,,,
50003,category,foods,2,16,sushi,sushi,381.6,363.872,53.872,0,,7.3,7.483806688,0.055655968,0.341388498,,1,1,,0,0,,,,
50003,category,foods,2,17,veal,veal,391.4,373.672,63.672,0,,9.8,7.671826798,0.233268576,0.430871188,,0,0,,0,0,,,,
50003,category,foods,2,18,lamb,lamb,392.5,374.772,64.772,0,,1.1,9.740497924,0.449080433,0.600320815,,0,0,,0,0,,,,
50003,category,foods,2,19,biscuit,biscuit,404,386.272,76.272,0,,11.5,9.11018849,0.190018178,0.517605409,,1,1,,1,0,,,,
50003,category,foods,2,20,turkey,turkey,405.8,388.072,78.072,0,,1.8,9.715892113,0.239076062,0.526580001,,0,0,,0,0,,,,
50003,category,foods,2,21,mashed_potatoes,mashed_potatoes,407.7,389.972,79.972,0,,1.9,7.851271997,0.182902432,0.455738827,,0,0,,0,0,,,,
50003,category,foods,2,22,blueberries,blueberries,412.3,394.572,84.572,0,,4.6,6.895682698,0.130138804,0.450179048,,1,1,,0,0,,,,
50003,category,foods,2,23,cranberries,cranberries,413.5,395.772,85.772,0,,1.2,5.955837369,0.307692819,0.531459633,,0,0,,0,0,,,,
50003,category,foods,2,24,chicken_nuggets,chicken_nuggets,424.9,407.172,97.172,0,,11.4,5.056245805,0.11489469,0.285319861,,1,1,,1,0,,,,
50003,category,foods,2,25,pasta,pasta,428.2,410.472,100.472,0,,3.3,8.745284482,0.325409093,0.442670783,,0,0,,0,0,,,,
50003,category,foods,2,26,corn,corn,445.4,427.672,117.672,1,,17.2,10.06539379,0.29056673,0.546034929,,1,0,,0,0,,,,
50003,category,foods,2,27,green_beans,green_beans,447,429.272,119.272,0,,1.6,7.21964204,0.296542542,0.52502749,,0,1,,0,0,,,,
50003,category,foods,2,28,broccoli,broccoli,448.7,430.972,120.972,0,,1.7,7.473637108,0.595222887,0.683750941,,0,0,,0,0,,,,
50003,category,foods,2,29,cauliflower,cauliflower,450.8,433.072,123.072,0,,2.1,7.036148494,0.336140115,0.518176742,,0,0,,1,0,,,,
50003,category,foods,2,30,peanuts,peanuts,456.6,438.872,128.872,0,,5.8,8.256607345,0.157512505,0.430475514,,1,1,,1,0,,,,
50003,category,foods,2,31,walnuts,walnuts,457.5,439.772,129.772,0,,0.9,7.253470383,0.359212475,0.578795445,,0,0,,0,0,,,,
50003,category,foods,2,32,pistachios,pistachios,458.8,441.072,131.072,0,,1.3,5.513428746,0.581301444,0.579278554,,0,0,,0,0,,,,
50003,category,foods,2,33,pecans,pecans,460.4,442.672,132.672,0,,1.6,6.184148891,0.605559716,0.558357636,,0,0,,0,0,,,,
50003,category,foods,2,34,hot_dog,hot_dog,465,447.272,137.272,1,,4.6,7.832410927,0.099009617,0.351598609,,1,1,,1,1,,,,
50003,category,foods,2,35,popcorn,popcorn,467.4,449.672,139.672,0,,2.4,8.814033202,0.292396777,0.557497442,,0,0,,0,0,,,,
50003,category,foods,2,36,breadsticks,breadsticks,473.5,455.772,145.772,0,,6.1,5.278114659,0.264159086,0.422063538,,1,1,,0,0,,,,
50003,category,foods,2,37,garlic_bread,garlic_bread,480.4,462.672,152.672,0,,6.9,6.630683386,0.409992558,0.479560518,,0,0,,0,0,,,,
50003,category,foods,2,38,escargot,escargot,495.4,477.672,167.672,0,,15,4.65396035,0.066535217,0.176998145,,0,0,,1,0,,,,
50003,category,foods,2,39,sub_sandwich,sub_sandwich,501.2,483.472,173.472,0,,5.8,3.555348061,0.000666,0.051335239,,1,1,,1,0,,,,
50003,category,foods,2,40,potato_chips,potato_chips,506.7,488.972,178.972,0,,5.5,7.33432935,0.161936974,0.200477557,,0,0,,0,0,,,,
50004,category,foods,4,1,fettuccine_alfredo,fettuccine_alfredo,320.8,312.568,2.568,2,,2.568,3.988984047,0,0,,2,2,,2,2,,,,
50004,category,foods,4,2,pizza,pizza,322.8,314.568,4.568,0,,2,9.951944328,0.218469318,0.26377769,,0,0,,0,0,,,,
50004,category,foods,4,3,curry,curry,324.3,316.068,6.068,1,,1.5,8.612503371,0.185707419,0.505785056,,1,0,,0,0,,,,
50004,category,foods,4,4,tofu,tofu,325.7,317.468,7.468,0,,1.4,7.160845907,0.199866865,0.41914269,,0,1,,0,0,,,,
50004,category,foods,4,5,carrots,carrots,327.2,318.968,8.968,0,,1.5,8.750999691,0.157466053,0.428589372,,0,0,,0,0,,,,
50004,category,foods,4,6,poutine,poutine,332.2,323.968,13.968,1,,5,3.828641396,0.033934304,0.120114893,,1,1,,1,1,,,,
50004,category,foods,4,7,burger,burger,336,327.768,17.768,0,,3.8,8.939843124,0.102285319,0.151750905,,0,0,,0,0,,,,
50004,category,foods,4,8,soup,soup,337.8,329.568,19.568,1,,1.8,10.50998693,0.11170277,0.502939731,,0,0,,0,0,,,,
50004,category,foods,4,9,french_fries,french_fries,339.6,331.368,21.368,1,,1.8,7.486052618,0.306948649,0.581679672,,0,0,,0,0,,,,
50004,category,foods,4,10,pho,pho,344,335.768,25.768,1,,4.4,5.796057751,0.078960175,0.173624041,,1,1,,1,1,,,,
50004,category,foods,4,11,burrito,burrito,347.4,339.168,29.168,1,,3.4,6.745236349,0.128057183,0.241733544,,0,0,,0,0,,,,
50004,category,foods,4,12,nachos,nachos,348.9,340.668,30.668,0,,1.5,6.461468176,0.299177153,0.491778233,,0,0,,0,0,,,,
50004,category,foods,4,13,energy_bar,energy_bar,355,346.768,36.768,1,,6.1,5.257495372,0.16463173,0.363517158,,0,0,,1,1,,,,
50004,category,foods,4,14,linguine,linguine,360.9,352.668,42.668,1,,5.9,5.236441963,0.067429274,0.236055849,,1,1,,1,1,,,,
50004,category,foods,4,15,baked_potato,baked_potato,366.7,358.468,48.468,1,,5.8,6.499787041,0.200167137,0.325561258,,0,0,,0,0,,,,
50004,category,foods,4,16,sweet_potatoes,sweet_potatoes,368.2,359.968,49.968,0,,1.5,6.629363253,0.239606239,0.443106732,,0,0,,0,0,,,,
50004,category,foods,4,17,bread,bread,370.6,362.368,52.368,1,,2.4,11.3021427,0.278149648,0.531197863,,0,0,,0,0,,,,
50004,category,foods,4,18,tater_tots,tater_tots,374.5,366.268,56.268,1,,3.9,4.290459441,0.138496548,0.346259759,,0,0,,1,1,,,,
50004,category,foods,4,19,egg_roll,egg_roll,382.8,374.568,64.568,1,,8.3,5.393627546,0.09619907,0.246477524,,1,1,,1,1,,,,
50004,category,foods,4,20,ice_cream,ice_cream,385.4,377.168,67.168,1,,2.6,9.956696511,0.21372592,0.42914441,,0,0,,0,0,,,,
50004,category,foods,4,21,scrambled_eggs,scrambled_eggs,388.9,380.668,70.668,1,,3.5,8.025843344,0.119026505,0.42331616,,1,1,,1,1,,,,
50004,category,foods,4,22,croissant,croissant,393.6,385.368,75.368,1,,4.7,7.24636808,0.252699433,0.500968775,,0,0,,0,0,,,,
50004,category,foods,4,23,cake,cake,396.6,388.368,78.368,0,,3,10.67209001,0.486135528,0.677271002,,0,0,,0,0,,,,
50004,category,foods,4,24,tart,tart,400.5,392.268,82.268,0,,3.9,8.814181823,0.265031177,0.598408444,,1,0,,1,0,,,,
50004,category,foods,4,25,torte,torte,401.7,393.468,83.468,0,,1.2,6.762729507,0.283156058,0.52287606,,0,0,,0,0,,,,
50004,category,foods,4,26,souffle,souffle,402.7,394.468,84.468,0,,1,6.146329258,0.118981316,0.294810348,,0,0,,1,0,,,,
50004,category,foods,4,27,stir_fry,stir_fry,406.7,398.468,88.468,1,,4,6.224558429,0.056325194,0.272028541,,1,1,,1,1,,,,
50004,category,foods,4,28,spinach,spinach,409.3,401.068,91.068,1,,2.6,7.763446389,0.267978126,0.417561583,,0,0,,0,0,,,,
50004,category,foods,4,29,creme_brulee,creme_brulee,415.6,407.368,97.368,1,,6.3,3.555348061,0.14406913,0.195545712,,0,0,,1,1,,,,
50004,category,foods,4,30,caviar,caviar,417.3,409.068,99.068,0,,1.7,7.771067086,0.115149985,0.191666708,,0,0,,1,0,,,,
50004,category,foods,4,31,trout_almondine,trout_almondine,420.9,412.668,102.668,0,,3.6,1.791759469,0.112884627,0.141633886,,0,0,,1,0,,,,
50004,category,foods,4,32,lake_fish,lake_fish,424.8,416.568,106.568,1,,3.9,3.36729583,0.097546825,0.106847362,,0,1,,1,1,,,,
50004,category,foods,4,33,cheese,cheese,427.1,418.868,108.868,1,,2.3,10.49971075,0.065967132,0.128443357,,1,0,,1,1,,,,
50004,category,foods,4,34,fondue,fondue,428.8,420.568,110.568,0,,1.7,5.620400866,0.153969986,0.331587803,,0,0,,0,0,,,,
50004,category,foods,4,35,bananas_foster,bananas_foster,431.9,423.668,113.668,0,,3.1,3.784189634,0.091253687,0.119368356,,1,1,,0,0,,,,
50004,category,foods,4,36,salad,salad,442.7,434.468,124.468,1,,10.8,9.964394487,0.156787275,0.257611208,,0,0,,0,0,,,,
50004,category,foods,4,37,kale,kale,445.5,437.268,127.268,0,,2.8,7.781973234,0.278278878,0.515144115,,0,0,,0,0,,,,
50004,category,foods,4,38,foul_halabi,fava_beans,450.6,442.368,132.368,1,,5.1,4.025351691,0.186178805,0.298735715,,0,0,,0,0,,,,
50004,category,foods,4,39,pita_bread,pita_bread,453.5,445.268,135.268,0,,2.9,4.934473933,0.109175785,0.166018902,,0,1,,0,0,,,,
50004,category,foods,4,40,naan,naan,455.4,447.168,137.168,0,,1.9,4.941642423,0.103492326,0.197800998,,0,0,,0,0,,,,
50004,category,foods,4,41,palak_paneer,palak_paneer,458.4,450.168,140.168,0,,3,0.693147181,0.0001,0.031398464,,1,1,,1,0,,,,
50004,category,foods,4,42,jerky,jerky,472.1,463.868,153.868,1,,13.7,8.83287946,0.023018136,0.064323108,,0,0,,0,0,,,,
50004,category,foods,4,43,apple,apple,475.8,467.568,157.568,1,,3.7,10.46743679,0.089235136,0.467588816,,0,0,,0,0,,,,
50004,category,foods,4,44,huevos_rancheros,huevos_rancheros,490.8,482.568,172.568,1,,15,4.406719247,0.056663969,0.167816924,,1,1,,0,0,,,,
50004,category,foods,4,45,easter_pudding,pudding,493,484.768,174.768,0,,2.2,9.209840247,0.138268279,0.271209277,,0,0,,0,0,,,,
50004,category,foods,4,46,dressing,dressing,497.2,488.968,178.968,0,,4.2,10.86883508,0.067647124,0.262982258,,0,0,,0,0,,,,
50006,category,foods,1,1,bread,bread,29.4,23.201,3.201,2,,3.201,11.3021427,0,0,,2,2,,2,2,,,,
50006,category,foods,1,2,pasta,pasta,30.5,24.301,4.301,0,,1.1,8.745284482,0.321435222,0.563972916,,0,0,,0,0,,,,
50006,category,foods,1,3,cereal,cereal,33.2,27.001,7.001,0,,2.7,8.815073089,0.239759149,0.542761496,,0,0,,0,0,,,,
50006,category,foods,1,4,banana,banana,35.2,29.001,9.001,1,,2,8.893435441,0.187571072,0.494886893,,1,1,,0,0,,,,
50006,category,foods,1,5,apple,apple,36,29.801,9.801,0,,0.8,10.46743679,0.446216976,0.678280641,,0,0,,0,0,,,,
50006,category,foods,1,6,orange,orange,37.1,30.901,10.901,0,,1.1,11.19445423,0.319844157,0.595290058,,0,0,,0,0,,,,
50006,category,foods,1,7,grapes,grapes,38.3,32.101,12.101,0,,1.2,8.938794081,0.205227924,0.521722158,,1,1,,0,0,,,,
50006,category,foods,1,8,asparagus,asparagus,39.9,33.701,13.701,1,,1.6,7.696667082,0.254297405,0.550961793,,0,0,,0,0,,,,
50006,category,foods,1,9,celery,celery,42,35.801,15.801,1,,2.1,7.773594467,0.347960203,0.582752214,,0,0,,0,0,,,,
50006,category,foods,1,10,chicken,chicken,43.6,37.401,17.401,1,,1.6,10.6803093,0.176358761,0.479560498,,1,1,,1,1,,,,
50006,category,foods,1,11,beef,beef,45.1,38.901,18.901,0,,1.5,9.854717388,0.485733217,0.689504674,,0,0,,0,0,,,,
50006,category,foods,1,12,fish,fish,48,41.801,21.801,0,,2.9,11.65383458,0.408356745,0.653700895,,0,0,,0,0,,,,
50006,category,foods,1,13,rice,rice,51.1,44.901,24.901,1,,3.1,10.03950336,0.393953619,0.65095773,,0,0,,0,0,,,,
50006,category,foods,1,14,beans,beans,52.3,46.101,26.101,0,,1.2,9.95056196,0.362679277,0.641313526,,0,0,,0,0,,,,
50006,category,foods,1,15,cabbage,cabbage,55.4,49.201,29.201,0,,3.1,8.76499033,0.263510552,0.564625171,,1,1,,0,0,,,,
50006,category,foods,1,16,lettuce,lettuce,57.6,51.401,31.401,0,,2.2,8.490438454,0.432704389,0.657209094,,0,0,,0,0,,,,
50006,category,foods,1,17,tomato,tomato,58.8,52.601,32.601,0,,1.2,8.966483779,0.206479515,0.453717818,,0,0,,1,0,,,,
50006,category,foods,1,18,risotto,risotto,63.9,57.701,37.701,1,,5.1,6.343880434,0.048712772,0.327305976,,1,1,,1,1,,,,
50006,category,foods,1,19,turkey,turkey,68.4,62.201,42.201,1,,4.5,9.715892113,0.215763977,0.44184576,,0,0,,0,0,,,,
50006,category,foods,1,20,ham,ham,70.7,64.501,44.501,0,,2.3,9.941890624,0.38887621,0.603160356,,0,0,,0,0,,,,
50006,category,foods,1,21,pork,pork,72.2,66.001,46.001,0,,1.5,9.213634939,0.332432975,0.573662702,,0,0,,0,0,,,,
50006,category,foods,1,22,french_fries,french_fries,78,71.801,51.801,1,,5.8,7.486052618,0.259907876,0.531332467,,0,0,,0,0,,,,
50006,category,foods,1,23,burger,burger,79.5,73.301,53.301,0,,1.5,8.939843124,0.191361901,0.493610853,,1,1,,0,0,,,,
50006,category,foods,1,24,pizza,pizza,80.5,74.301,54.301,0,,1,9.951944328,0.265336545,0.586949359,,0,0,,0,0,,,,
50006,category,foods,1,25,crackers,crackers,89.1,82.901,62.901,0,,8.6,8.682538124,0.285391012,0.550660356,,0,0,,0,0,,,,
50006,category,foods,1,26,soup,soup,92,85.801,65.801,0,,2.9,10.50998693,0.204257285,0.539519008,,1,1,,0,0,,,,
50006,category,foods,1,27,chips,chips,94.8,88.601,68.601,0,,2.8,9.99392223,0.24055483,0.578517666,,0,0,,0,0,,,,
50006,category,foods,1,28,toast,toast,98.6,92.401,72.401,1,,3.8,10.30169304,0.121560005,0.512798853,,1,1,,0,0,,,,
50006,category,foods,1,29,eggs,eggs,101.3,95.101,75.101,0,,2.7,10.74694949,0.35646357,0.62460305,,0,0,,0,0,,,,
50006,category,foods,1,30,steak,steak,106.5,100.301,80.301,1,,5.2,9.583970757,0.260217236,0.588292907,,0,0,,0,0,,,,
50006,category,foods,1,31,peach,peach,111.8,105.601,85.601,1,,5.3,9.205227323,0.216277185,0.475765201,,1,1,,0,0,,,,
50006,category,foods,1,32,mango,mango,114.7,108.501,88.501,0,,2.9,7.708859601,0.452744403,0.601705571,,0,0,,0,0,,,,
50006,category,foods,1,33,pineapple,pineapple,116.9,110.701,90.701,0,,2.2,7.983781069,0.356936191,0.543572981,,0,0,,0,0,,,,
50006,category,foods,1,34,radish,radish,123.2,117.001,97.001,0,,6.3,6.495265556,0.177444364,0.426388305,,0,0,,1,0,,,,
50006,category,foods,1,35,carrots,carrots,126.8,120.601,100.601,0,,3.6,8.750999691,0.168313965,0.373289351,,1,1,,1,0,,,,
50006,category,foods,1,36,noodles,noodles,130.3,124.101,104.101,0,,3.5,8.169336396,0.17923715,0.504987099,,0,0,,0,0,,,,
50006,category,foods,1,37,gravy,gravy,144.2,138.001,118.001,1,,13.9,8.721602345,0.350989186,0.596481666,,0,0,,0,0,,,,
50006,category,foods,1,38,mashed_potatoes,mashed_potatoes,146.3,140.101,120.101,0,,2.1,7.851271997,0.302452245,0.524903035,,0,0,,0,0,,,,
50006,category,foods,1,39,cake,cake,152.7,146.501,126.501,1,,6.4,10.67209001,0.08164137,0.445652756,,1,1,,1,1,,,,
50006,category,foods,1,40,cupcake,cupcake,154.1,147.901,127.901,0,,1.4,7.890582535,0.411330638,0.621276612,,0,0,,0,0,,,,
50006,category,foods,1,41,cookie,cookie,159.3,153.101,133.101,0,,5.2,9.505916207,0.394373256,0.625826328,,0,0,,0,0,,,,
50006,category,foods,1,42,brownie,brownie,160.8,154.601,134.601,0,,1.5,8.450198323,0.215325093,0.509016792,,0,0,,1,0,,,,
50006,category,foods,1,43,bagel,bagel,164.9,158.701,138.701,0,,4.1,7.6989362,0.132794927,0.428688152,,1,1,,1,0,,,,
50006,category,foods,1,44,pancakes,pancakes,171.4,165.201,145.201,1,,6.5,8.726318951,0.217558388,0.533923274,,0,0,,0,0,,,,
50006,category,foods,1,45,waffles,waffles,172.6,166.401,146.401,0,,1.2,7.340186835,0.794095186,0.813036873,,0,0,,0,0,,,,
50006,category,foods,1,46,cinnamon_roll,cinnamon_roll,176.1,169.901,149.901,0,,3.5,5.802118375,0.226170249,0.387850459,,0,1,,1,0,,,,
50006,category,foods,1,47,blueberries,blueberries,182.7,176.501,156.501,1,,6.6,6.895682698,0.223099233,0.388522261,,1,0,,1,1,,,,
50006,category,foods,1,48,strawberries,strawberries,183.8,177.601,157.601,0,,1.1,8.50512061,0.627964623,0.726932027,,0,0,,0,0,,,,
50006,category,foods,1,49,raspberries,raspberries,184.9,178.701,158.701,0,,1.1,7.318539549,0.775868693,0.839744452,,0,0,,0,0,,,,
50006,category,foods,1,50,bread_bowl,bread_bowl,200.3,194.101,174.101,1,,15.4,3.871201011,0.004530941,0.147211757,,1,1,,1,1,,,,
50006,category,foods,1,51,danish,danish,203.9,197.701,177.701,1,,3.6,8.545391846,0.120575607,0.251851689,,0,0,,0,0,,,,
50007,category,foods,1,1,grapes,grapes,31.3,22.253,2.253,2,,2.253,8.938794081,0,0,,2,2,,2,2,,,,
50007,category,foods,1,2,hot_dog,hot_dog,32.9,23.853,3.853,1,,1.6,7.832410927,0.14988799,0.440785166,,0,0,,1,1,,,,
50007,category,foods,1,3,popcorn,popcorn,34.9,25.853,5.853,0,,2,8.814033202,0.292396777,0.557497442,,0,0,,0,0,,,,
50007,category,foods,1,4,steak,steak,38,28.953,8.953,1,,3.1,9.583970757,0.235443365,0.568366889,,1,0,,0,0,,,,
50007,category,foods,1,5,ice_cream,ice_cream,39.8,30.753,10.753,1,,1.8,9.956696511,0.313263902,0.585979417,,0,0,,0,0,,,,
50007,category,foods,1,6,pasta,pasta,42.1,33.053,13.053,1,,2.3,8.745284482,0.320990187,0.59297308,,0,0,,0,0,,,,
50007,category,foods,1,7,orange,orange,44.6,35.553,15.553,1,,2.5,11.19445423,0.061488546,0.422548334,,1,1,,1,1,,,,
50007,category,foods,1,8,lobster,lobster,48.1,39.053,19.053,1,,3.5,8.798605651,0.248313324,0.52508753,,0,0,,0,0,,,,
50007,category,foods,1,9,cucumber,cucumber,50.6,41.553,21.553,1,,2.5,7.925880317,0.160900081,0.452562105,,0,0,,0,0,,,,
50007,category,foods,1,10,pomegranate,pomegranate,53,43.953,23.953,0,,2.4,7.007600614,0.063521608,0.339617325,,1,1,,0,0,,,,
50007,category,foods,1,11,watermelon,watermelon,55.4,46.353,26.353,0,,2.4,7.490529402,0.42418459,0.555307126,,0,0,,0,0,,,,
50007,category,foods,1,12,mashed_potatoes,mashed_potatoes,59.5,50.453,30.453,1,,4.1,7.851271997,0.13669761,0.411732512,,1,1,,1,1,,,,
50007,category,foods,1,13,corn,corn,61.7,52.653,32.653,0,,2.2,10.06539379,0.176865821,0.459764511,,0,0,,0,0,,,,
50007,category,foods,1,14,green_beans,green_beans,64.2,55.153,35.153,0,,2.5,7.21964204,0.296542542,0.52502749,,0,0,,0,0,,,,
50007,category,foods,1,15,candy,candy,66.3,57.253,37.253,1,,2.1,10.20643994,0.056114124,0.340868245,,1,1,,1,1,,,,
50007,category,foods,1,16,banana,banana,71.2,62.153,42.153,1,,4.9,8.893435441,0.242121831,0.555210689,,0,0,,0,0,,,,
50007,category,foods,1,17,carrots,carrots,73.8,64.753,44.753,0,,2.6,8.750999691,0.154012205,0.425045138,,0,1,,0,0,,,,
50007,category,foods,1,18,bacon,bacon,78.2,69.153,49.153,1,,4.4,10.09786119,0.097301075,0.487397502,,1,0,,0,0,,,,
50007,category,foods,1,19,pizza,pizza,85.2,76.153,56.153,1,,7,9.951944328,0.149707399,0.501179829,,0,0,,0,0,,,,
50007,category,foods,1,20,taco,taco,87.6,78.553,58.553,0,,2.4,7.200424893,0.358246945,0.563249738,,0,0,,0,0,,,,
50007,category,foods,1,21,mac_and_cheese,mac_and_cheese,90.9,81.853,61.853,0,,3.3,5.703782475,0.264223555,0.37787194,,0,1,,0,0,,,,
50007,category,foods,1,22,burrito,burrito,96.3,87.253,67.253,0,,5.4,6.745236349,0.247025795,0.389795174,,0,0,,0,0,,,,
50007,category,foods,1,23,baked_potato,baked_potato,98.9,89.853,69.853,1,,2.6,6.499787041,0.197752788,0.39072412,,0,0,,0,0,,,,
50007,category,foods,1,24,soup,soup,101.3,92.253,72.253,0,,2.4,10.50998693,0.17661443,0.451981269,,0,0,,0,0,,,,
50007,category,foods,1,25,japanese_food,japanese_food,109,99.953,79.953,1,,7.7,4.143134726,0.101650188,0.250508145,,1,1,,0,0,,,,
50007,category,foods,1,26,mexican_food,mexican_food,112.3,103.253,83.253,0,,3.3,6.003887067,0.333256972,0.319431603,,0,0,,0,0,,,,
50007,category,foods,1,27,potstickers,potstickers,122.9,113.853,93.853,0,,10.6,2.995732274,0.060270372,0.102501178,,0,0,,1,0,,,,
50007,category,foods,1,28,carrots,carrots,133.5,124.453,104.453,1,,10.6,8.750999691,0.035972453,0.093932327,,1,1,,1,1,,,,
50007,category,foods,1,29,goldfish,goldfish,136.5,127.453,107.453,1,,3,7.859413155,0.07907742,0.354943413,,0,0,,0,0,,,,
50007,category,foods,1,30,cheez_its,cheez_its,139.2,130.153,110.153,0,,2.7,3.218875825,0.11993275,0.151914061,,0,1,,0,0,,,,
50007,category,foods,1,31,cereal,cereal,141.8,132.753,112.753,1,,2.6,8.815073089,0.386273217,0.327560461,,0,0,,0,0,,,,
50007,category,foods,1,32,pancakes,pancakes,144.2,135.153,115.153,0,,2.4,8.726318951,0.229459795,0.557611812,,1,0,,1,0,,,,
50007,category,foods,1,33,scrambled_eggs,scrambled_eggs,147.7,138.653,118.653,0,,3.5,8.025843344,0.621710846,0.72908853,,0,0,,0,0,,,,
50007,category,foods,1,34,waffles,waffles,151.8,142.753,122.753,0,,4.1,7.340186835,0.555257059,0.63802408,,0,0,,0,0,,,,
50007,category,foods,1,35,salad,salad,158.4,149.353,129.353,1,,6.6,9.964394487,0.220270196,0.510224192,,0,1,,1,1,,,,
50007,category,foods,1,36,muffin,muffin,165.8,156.753,136.753,1,,7.4,8.420682291,0.216439681,0.573856031,,1,0,,1,1,,,,
50007,category,foods,1,37,croissant,croissant,168.9,159.853,139.853,0,,3.1,7.24636808,0.629715737,0.75960885,,0,0,,0,0,,,,
50007,category,foods,1,38,breadsticks,breadsticks,176.9,167.853,147.853,0,,8,5.278114659,0.271565161,0.397110225,,0,0,,1,0,,,,
50007,category,foods,1,39,mango,mango,197.1,188.053,168.053,1,,20.2,7.708859601,0.124361342,0.272161758,,1,1,,1,1,,,,
50007,category,foods,1,40,papaya,papaya,201,191.953,171.953,0,,3.9,6.33150185,0.551873123,0.583978345,,0,0,,0,0,,,,
50007,category,foods,1,41,green_beans,green_beans,205.8,196.753,176.753,1,,4.8,7.21964204,0.150331553,0.349654649,,1,1,,1,1,,,,
50007,category,foods,1,42,peas,peas,208.4,199.353,179.353,0,,2.6,8.895081532,0.46631151,0.62517542,,0,0,,0,0,,,,
50008,category,foods,1,1,bread,bread,121.9,23.554,3.554,2,,3.554,11.3021427,0,0,,2,2,,2,2,,,,
50008,category,foods,1,2,tomato,tomato,124.6,26.254,6.254,0,,2.7,8.966483779,0.233180261,0.455216331,,0,0,,1,0,,,,
50008,category,foods,1,3,lettuce,lettuce,126.2,27.854,7.854,0,,1.6,8.490438454,0.206479515,0.453717818,,1,1,,1,0,,,,
50008,category,foods,1,4,onions,onions,127,28.654,8.654,0,,0.8,9.124673545,0.374234623,0.632568954,,0,0,,0,0,,,,
50008,category,foods,1,5,cheese,cheese,128.3,29.954,9.954,0,,1.3,10.49971075,0.248315456,0.587466375,,1,0,,0,0,,,,
50008,category,foods,1,6,deli_meat,deli_meat,122.6,34.254,14.254,0,,4.3,3.663561646,0.320610481,0.448895705,,0,0,,0,0,,,,
50008,category,foods,1,7,carrots,carrots,126,37.654,17.654,0,,3.4,8.750999691,0.084654316,0.317868504,,1,1,,1,0,,,,
50008,category,foods,1,8,broccoli,broccoli,123.2,44.854,24.854,0,,7.2,7.473637108,0.498447799,0.653434205,,0,0,,0,0,,,,
50008,category,foods,1,9,brussels_sprouts,brussels_sprouts,124,45.654,25.654,0,,0.8,6.251903883,0.583554156,0.6550512,,0,0,,0,0,,,,
50008,category,foods,1,10,asparagus,asparagus,129.3,50.954,30.954,1,,5.3,7.696667082,0.514340278,0.609858876,,0,0,,0,0,,,,
50008,category,foods,1,11,tortilla,tortilla,123.2,54.854,34.854,0,,3.9,6.864847778,0.168327536,0.325138889,,0,0,,1,0,,,,
50008,category,foods,1,12,roll,roll,126.3,57.954,37.954,0,,3.1,11.27639268,0.053166719,0.236874025,,1,1,,1,0,,,,
50008,category,foods,1,13,cereal,cereal,120.4,62.054,42.054,0,,4.1,8.815073089,0.084539981,0.353159292,,0,0,,0,0,,,,
50008,category,foods,1,14,grains,grains,121.5,63.154,43.154,1,,1.1,8.713910628,0.057111273,0.170766019,,1,1,,0,0,,,,
50008,category,foods,1,15,pork,pork,124.3,65.954,45.954,0,,2.8,9.213634939,0.11035517,0.180751076,,0,0,,0,0,,,,
50008,category,foods,1,16,steak,steak,127.9,69.554,49.554,0,,3.6,9.583970757,0.429016307,0.633533651,,0,0,,0,0,,,,
50008,category,foods,1,17,chicken,chicken,122,73.654,53.654,0,,4.1,10.6803093,0.49562326,0.692282244,,0,0,,0,0,,,,
50008,category,foods,1,18,turkey,turkey,125,76.654,56.654,0,,3,9.715892113,0.465851526,0.701863879,,0,0,,0,0,,,,
50008,category,foods,1,19,duck,duck,126.2,77.854,57.854,1,,1.2,10.19928659,0.335143181,0.621314375,,0,0,,0,0,,,,
50008,category,foods,1,20,pizza,pizza,129.1,80.754,60.754,0,,2.9,9.951944328,0.182103631,0.52885947,,1,1,,0,0,,,,
50008,category,foods,1,21,pasta,pasta,182.3,83.954,63.954,0,,3.2,8.745284482,0.320428706,0.589788512,,0,0,,0,0,,,,
50008,category,foods,1,22,sandwich,sandwich,181,92.654,72.654,0,,8.7,10.2592721,0.419832248,0.652294206,,0,0,,0,0,,,,
50008,category,foods,1,23,kabob,kabob,184.9,96.554,76.554,1,,3.9,4.941642423,0.062787763,0.194257592,,1,1,,1,1,,,,
50008,category,foods,1,24,stew,stew,181.4,103.054,83.054,0,,6.5,9.879348537,0.108571051,0.228721144,,0,0,,0,0,,,,
50008,category,foods,1,25,soup,soup,183,104.654,84.654,0,,1.6,10.50998693,0.712349344,0.834141187,,0,0,,0,0,,,,
50008,category,foods,1,26,succotash,succotash,184.1,115.754,95.754,1,,11.1,4.276666119,0.250671549,0.316131969,,1,0,,1,1,,,,
50008,category,foods,1,27,salad,salad,188.9,130.554,110.554,1,,14.8,9.964394487,0.252535277,0.303777894,,0,1,,0,0,,,,
50008,category,foods,1,28,rice,rice,240.5,152.154,132.154,0,,21.6,10.03950336,0.432200686,0.673802148,,0,0,,0,0,,,,
50008,category,foods,1,29,kimchi,kimchi,242.9,154.554,134.554,0,,2.4,4.143134726,0.176356732,0.306345214,,1,0,,1,0,,,,
50008,category,foods,1,30,curry,curry,246.9,158.554,138.554,0,,4,8.612503371,0.187004277,0.304721413,,0,1,,0,0,,,,
50008,category,foods,1,31,fish,fish,241.5,163.154,143.154,0,,4.6,11.65383458,0.229961342,0.520024543,,0,0,,0,0,,,,
50008,category,foods,1,32,seaweed,seaweed,247.5,169.154,149.154,0,,6,8.574707098,0.443838803,0.674534892,,0,0,,0,0,,,,
50008,category,foods,1,33,dumplings,dumplings,247.6,179.254,159.254,0,,10.1,7.383368147,0.061097675,0.408852906,,0,0,,1,0,,,,
50010,category,foods,4,1,corn,corn,321.9,313.409,3.409,2,,3.409,10.06539379,0,0,,2,2,,2,2,,,,
50010,category,foods,4,2,apple,apple,323.3,314.809,4.809,1,,1.4,10.46743679,0.164573981,0.501017176,,0,0,,1,1,,,,
50010,category,foods,4,3,orange,orange,324.4,315.909,5.909,0,,1.1,11.19445423,0.319844157,0.595290058,,0,0,,0,0,,,,
50010,category,foods,4,4,pear,pear,326.1,317.609,7.609,0,,1.7,8.534246946,0.070997638,0.363745878,,1,0,,1,0,,,,
50010,category,foods,4,5,pineapple,pineapple,327.5,319.009,9.009,0,,1.4,7.983781069,0.090173716,0.338958432,,0,1,,0,0,,,,
50010,category,foods,4,6,passion_fruit,passion_fruit,328.9,320.409,10.409,0,,1.4,5.257495372,0.379257906,0.41009656,,0,0,,0,0,,,,
50010,category,foods,4,7,pill,pill,331.9,323.409,13.409,1,,3,9.327678864,0.061091059,0.235296601,,1,1,,1,1,,,,
50010,category,foods,4,8,coconut,coconut,338.3,329.809,19.809,1,,6.4,8.583916823,0.091595071,0.386555011,,0,0,,0,0,,,,
50010,category,foods,4,9,cherries,cherries,340.8,332.309,22.309,0,,2.5,8.038512021,0.195003132,0.462399672,,0,0,,0,0,,,,
50010,category,foods,4,10,strawberries,strawberries,342.3,333.809,23.809,0,,1.5,8.50512061,0.575599288,0.726593329,,0,0,,0,0,,,,
50010,category,foods,4,11,raspberries,raspberries,343.7,335.209,25.209,0,,1.4,7.318539549,0.775868693,0.839744452,,0,0,,0,0,,,,
50010,category,foods,4,12,blueberries,blueberries,345.3,336.809,26.809,0,,1.6,6.895682698,0.754703345,0.791902677,,0,0,,0,0,,,,
50010,category,foods,4,13,star_fruit,star_fruit,346.5,338.009,28.009,0,,1.2,2.890371758,0.138614383,0.07427287,,0,0,,1,0,,,,
50010,category,foods,4,14,banana,banana,349.7,341.209,31.209,0,,3.2,8.893435441,0.110736007,0.039083654,,1,1,,1,0,,,,
50010,category,foods,4,15,clementine,clementine,353.5,345.009,35.009,0,,3.8,8.375629627,0.165213138,0.416938962,,0,0,,0,0,,,,
50010,category,foods,4,16,tangerine,tangerine,355.5,347.009,37.009,0,,2,6.672032945,0.193382969,0.306706167,,0,1,,0,0,,,,
50010,category,foods,4,17,bread,bread,358.4,349.909,39.909,1,,2.9,11.3021427,0.102615596,0.362913634,,1,0,,0,0,,,,
50010,category,foods,4,18,croissant,croissant,359.9,351.409,41.409,0,,1.5,7.24636808,0.389138889,0.582684315,,0,0,,0,0,,,,
50010,category,foods,4,19,roll,roll,362.1,353.609,43.609,0,,2.2,11.27639268,0.162915694,0.399856127,,0,1,,1,0,,,,
50010,category,foods,4,20,burger,burger,369.6,361.109,51.109,1,,7.5,8.939843124,0.16043031,0.411615016,,1,0,,1,1,,,,
50010,category,foods,4,21,pizza,pizza,371.2,362.709,52.709,1,,1.6,9.951944328,0.265336545,0.586949359,,0,0,,0,0,,,,
50010,category,foods,4,22,spaghetti,spaghetti,372.6,364.109,54.109,1,,1.4,8.718500048,0.27649611,0.555698888,,0,1,,0,0,,,,
50010,category,foods,4,23,pasta,pasta,374.5,366.009,56.009,0,,1.9,8.745284482,0.671942142,0.772822485,,0,0,,0,0,,,,
50010,category,foods,4,24,mac_and_cheese,mac_and_cheese,377.3,368.809,58.809,0,,2.8,5.703782475,0.355489406,0.448525183,,0,0,,1,0,,,,
50010,category,foods,4,25,sweet_potatoes,sweet_potatoes,378.8,370.309,60.309,1,,1.5,6.629363253,0.307053994,0.344032398,,1,1,,1,1,,,,
50010,category,foods,4,26,potatoes,potatoes,380.7,372.209,62.209,0,,1.9,9.890655574,0.556743744,0.681771582,,0,0,,0,0,,,,
50010,category,foods,4,27,turkey,turkey,382.4,373.909,63.909,0,,1.7,9.715892113,0.261153103,0.55708313,,1,1,,1,0,,,,
50010,category,foods,4,28,gravy,gravy,384.2,375.709,65.709,0,,1.8,8.721602345,0.277213464,0.575919995,,0,0,,0,0,,,,
50010,category,foods,4,29,green_beans,green_beans,385.8,377.309,67.309,0,,1.6,7.21964204,0.541138583,0.675480438,,0,0,,0,0,,,,
50010,category,foods,4,30,chicken,chicken,388.7,380.209,70.209,1,,2.9,10.6803093,0.275962684,0.499035056,,1,1,,1,1,,,,
50010,category,foods,4,31,turkey,turkey,390.5,382.009,72.009,0,,1.8,9.715892113,0.465851526,0.701863879,,0,0,,0,0,,,,
50010,category,foods,4,32,ham,ham,392.2,383.709,73.709,0,,1.7,9.941890624,0.38887621,0.603160356,,1,1,,0,0,,,,
50010,category,foods,4,33,salami,salami,393.6,385.109,75.109,0,,1.4,7.029087564,0.657367273,0.753089072,,0,0,,0,0,,,,
50010,category,foods,4,34,pepperoni,pepperoni,395.4,386.909,76.909,0,,1.8,6.90475077,0.389287603,0.51954267,,0,0,,1,0,,,,
50010,category,foods,4,35,prosciutto,prosciutto,397.1,388.609,78.609,0,,1.7,5.805134969,0.284899272,0.422304954,,0,0,,1,0,,,,
50010,category,foods,4,36,matzo_ball,matzo_ball,402.6,394.109,84.109,1,,5.5,3.36729583,0.044779138,0.064091426,,1,1,,1,1,,,,
50010,category,foods,4,37,corned_beef,corned_beef,408.7,400.209,90.209,1,,6.1,7.069874128,0.091167429,0.116232042,,0,0,,0,0,,,,
50010,category,foods,4,38,broccoli,broccoli,413,404.509,94.509,1,,4.3,7.473637108,0.227347343,0.461038021,,0,0,,0,0,,,,
50010,category,foods,4,39,spinach,spinach,415,406.509,96.509,0,,2,7.763446389,0.605118011,0.710844302,,0,0,,0,0,,,,
50010,category,foods,4,40,lettuce,lettuce,417.6,409.109,99.109,0,,2.6,8.490438454,0.584779744,0.722427559,,0,0,,0,0,,,,
50010,category,foods,4,41,salad,salad,419.4,410.909,100.909,0,,1.8,9.964394487,0.332603302,0.608383064,,0,0,,1,0,,,,
50010,category,foods,4,42,carrots,carrots,421.4,412.909,102.909,0,,2,8.750999691,0.267045282,0.55525952,,0,0,,1,0,,,,
50010,category,foods,4,43,tomato,tomato,423.1,414.609,104.609,0,,1.7,8.966483779,0.134449598,0.384126439,,1,0,,1,0,,,,
50010,category,foods,4,44,ziti,ziti,427.5,419.009,109.009,1,,4.4,4.553876892,0.14607683,0.22910397,,0,0,,0,0,,,,
50010,category,foods,4,45,tamale,tamale,432.8,424.309,114.309,1,,5.3,5.472270674,0.050368323,0.159048711,,1,1,,0,0,,,,
50010,category,foods,4,46,enchilada,enchilada,435.2,426.709,116.709,0,,2.4,5.783825182,0.200549851,0.333764405,,0,0,,0,0,,,,
50010,category,foods,4,47,taco,taco,437,428.509,118.509,0,,1.8,7.200424893,0.413264732,0.514528908,,0,0,,0,0,,,,
50010,category,foods,4,48,burrito,burrito,438.2,429.709,119.709,0,,1.2,6.745236349,0.434642035,0.550853191,,0,0,,0,0,,,,
50010,category,foods,4,49,beans,beans,439.9,431.409,121.409,0,,1.7,9.95056196,0.200446193,0.469770167,,1,1,,1,0,,,,
50010,category,foods,4,50,rice,rice,441.6,433.109,123.109,0,,1.7,10.03950336,0.362679277,0.641313526,,0,0,,0,0,,,,
50010,category,foods,4,51,queso,queso,443.3,434.809,124.809,0,,1.7,4.543294782,0.104020543,0.181610924,,0,0,,1,0,,,,
50010,category,foods,4,52,chips,chips,445,436.509,126.509,0,,1.7,9.99392223,0.064564388,0.172315596,,1,1,,1,0,,,,
50010,category,foods,4,53,fried_rice,fried_rice,449.9,441.409,131.409,1,,4.9,6.06610809,0.095747182,0.391190679,,0,0,,0,0,,,,
50010,category,foods,4,54,z_and_c,sushi,454.2,445.709,135.709,1,,4.3,7.483806688,0.150133657,0.35389433,,0,1,,0,0,,,,
50010,category,foods,4,55,sandwich,sandwich,465.1,456.609,146.609,1,,10.9,10.2592721,0.294494805,0.519074351,,0,0,,0,0,,,,
50010,category,foods,4,56,hot_dog,hot_dog,471.9,463.409,153.409,1,,6.8,7.832410927,0.378854603,0.618895223,,0,0,,0,0,,,,
50010,category,foods,4,57,oyster,oyster,483.3,474.809,164.809,1,,11.4,8.506940815,0.149065582,0.389024436,,1,1,,1,1,,,,
50010,category,foods,4,58,salmon,salmon,484.8,476.309,166.309,1,,1.5,9.221873608,0.208510938,0.471689155,,0,0,,0,0,,,,
50010,category,foods,4,59,tilapia,tilapia,486.5,478.009,168.009,0,,1.7,4.110873864,0.159091583,0.221564159,,1,1,,0,0,,,,
50010,category,foods,4,60,catfish,catfish,491.9,483.409,173.409,0,,5.4,7.507690078,0.196652556,0.227694681,,0,0,,0,0,,,,
50010,category,foods,4,61,sea_bass,sea_bass,493.3,484.809,174.809,0,,1.4,5.631211782,0.242971162,0.356270989,,0,0,,0,0,,,,
50011,category,foods,3,1,pizza,pizza,29.4,23.02,3.02,2,,3.02,9.951944328,0,0,,2,2,,2,2,,,,
50011,category,foods,3,2,hamburger,hamburger,31.8,25.42,5.42,0,,2.4,8.491259809,0.400428082,0.663073537,,0,0,,0,0,,,,
50011,category,foods,3,3,hot_dog,hot_dog,32.6,26.22,6.22,0,,0.8,7.832410927,0.544173846,0.700043901,,0,0,,0,0,,,,
50011,category,foods,3,4,nachos,nachos,33.7,27.32,7.32,0,,1.1,6.461468176,0.185456339,0.444500682,,0,0,,1,0,,,,
50011,category,foods,3,5,italian_food,italian_food,35.5,29.12,9.12,1,,1.8,5.877735782,0.134573384,0.31934507,,1,1,,1,1,,,,
50011,category,foods,3,6,mexican_food,mexican_food,36.4,30.02,10.02,0,,0.9,6.003887067,0.604187188,0.565469177,,0,0,,0,0,,,,
50011,category,foods,3,7,seafood,seafood,38.5,32.12,12.12,1,,2.1,7.954372273,0.40703252,0.416751448,,1,1,,1,1,,,,
50011,category,foods,3,8,sushi,sushi,39.5,33.12,13.12,0,,1,7.483806688,0.554447672,0.635396784,,0,0,,0,0,,,,
50011,category,foods,3,9,crab_cake,crab_cake,41.3,34.92,14.92,0,,1.8,4.454347296,0.113695385,0.22421767,,1,1,,1,0,,,,
50011,category,foods,3,10,shrimp,shrimp,42.8,36.42,16.42,0,,1.5,8.653994233,0.231417741,0.263656293,,0,0,,0,0,,,,
50011,category,foods,3,11,lobster,lobster,43.7,37.32,17.32,0,,0.9,8.798605651,0.557277855,0.698825676,,0,0,,0,0,,,,
50011,category,foods,3,12,pasta,pasta,44.8,38.42,18.42,1,,1.1,8.745284482,0.491801384,0.653258689,,1,1,,0,0,,,,
50011,category,foods,3,13,spaghetti,spaghetti,46.2,39.82,19.82,0,,1.4,8.718500048,0.671942142,0.772822485,,0,0,,0,0,,,,
50011,category,foods,3,14,meatballs,meatballs,47.1,40.72,20.72,0,,0.9,6.994849986,0.232953581,0.503398815,,0,0,,1,0,,,,
50011,category,foods,3,15,ice_cream,ice_cream,50,43.62,23.62,1,,2.9,9.956696511,0.114656948,0.463466624,,1,1,,1,1,,,,
50011,category,foods,3,16,chocolate,chocolate,53.3,46.92,26.92,0,,3.3,10.67106944,0.365845358,0.635526847,,0,0,,0,0,,,,
50011,category,foods,3,17,orange,orange,54.9,48.52,28.52,1,,1.6,11.19445423,0.112925203,0.457675381,,1,1,,1,1,,,,
50011,category,foods,3,18,apple,apple,55.8,49.42,29.42,0,,0.9,10.46743679,0.319844157,0.595290058,,0,0,,0,0,,,,
50011,category,foods,3,19,banana,banana,57.7,51.32,31.32,0,,1.9,8.893435441,0.446216976,0.678280641,,0,0,,0,0,,,,
50011,category,foods,3,20,grapes,grapes,60.2,53.82,33.82,0,,2.5,8.938794081,0.195168248,0.525031382,,1,1,,1,0,,,,
50011,category,foods,3,21,asparagus,asparagus,62.8,56.42,36.42,1,,2.6,7.696667082,0.254297405,0.550961793,,0,0,,0,0,,,,
50011,category,foods,3,22,tomato,tomato,63.8,57.42,37.42,0,,1,8.966483779,0.322750619,0.514033602,,0,0,,0,0,,,,
50011,category,foods,3,23,cake,cake,67.8,61.42,41.42,1,,4,10.67209001,0.117631518,0.431163469,,1,1,,1,1,,,,
50011,category,foods,3,24,pie,pie,68.8,62.42,42.42,0,,1,10.1931302,0.589975949,0.786922432,,0,0,,0,0,,,,
50011,category,foods,3,25,cheesecake,cheesecake,69.5,63.12,43.12,0,,0.7,7.482681828,0.603131949,0.739410356,,0,0,,0,0,,,,
50011,category,foods,3,26,cranberries,cranberries,74.8,68.42,48.42,1,,5.3,5.955837369,0.116156521,0.402712248,,1,1,,1,1,,,,
50011,category,foods,3,27,spinach,spinach,76.7,70.32,50.32,1,,1.9,7.763446389,0.248182261,0.49235147,,0,0,,0,0,,,,
50011,category,foods,3,28,broccoli,broccoli,77.7,71.32,51.32,0,,1,7.473637108,0.605118011,0.710844302,,0,0,,0,0,,,,
50011,category,foods,3,29,chicken,chicken,79.8,73.42,53.42,1,,2.1,10.6803093,0.433212696,0.624275906,,1,1,,0,0,,,,
50011,category,foods,3,30,steak,steak,81.1,74.72,54.72,0,,1.3,9.583970757,0.49562326,0.692282244,,0,0,,0,0,,,,
50011,category,foods,3,31,filet,filet,83.4,77.02,57.02,0,,2.3,6.335054251,0.439584763,0.41565975,,0,0,,0,0,,,,
50011,category,foods,3,32,pepperoni,pepperoni,89.9,83.52,63.52,0,,6.5,6.90475077,0.083250009,0.216545139,,0,0,,1,0,,,,
50011,category,foods,3,33,stromboli,stromboli,92.1,85.72,65.72,0,,2.2,4.770684624,0.0001,0.153780503,,1,1,,1,0,,,,
50011,category,foods,3,34,beef_stroganoff,beef_stroganoff,94.6,88.22,68.22,0,,2.5,4.828313737,0.038523889,0.176769171,,0,0,,0,0,,,,
50011,category,foods,3,35,potatoes,potatoes,97.5,91.12,71.12,1,,2.9,9.890655574,0.204582308,0.323928271,,0,0,,0,0,,,,
50011,category,foods,3,36,carrots,carrots,99.2,92.82,72.82,0,,1.7,8.750999691,0.425892642,0.676842526,,0,0,,0,0,,,,
50011,category,foods,3,37,peas,peas,101.4,95.02,75.02,0,,2.2,8.895081532,0.387204747,0.59266473,,0,0,,0,0,,,,
50011,category,foods,3,38,butter,butter,106,99.62,79.62,0,,4.6,10.18516413,0.147380021,0.486605635,,1,1,,1,0,,,,
50011,category,foods,3,39,raspberries,raspberries,109.7,103.32,83.32,1,,3.7,7.318539549,0.189784889,0.543994035,,0,0,,0,0,,,,
50011,category,foods,3,40,bacon,bacon,120.9,114.52,94.52,1,,11.2,10.09786119,0.077660702,0.470712918,,1,1,,0,0,,,,
50011,category,foods,3,41,eggs,eggs,122.9,116.52,96.52,0,,2,10.74694949,0.356308358,0.633476506,,0,0,,0,0,,,,
50011,category,foods,3,42,pancakes,pancakes,124.6,118.22,98.22,0,,1.7,8.726318951,0.566071099,0.737222763,,0,0,,0,0,,,,
50011,category,foods,3,43,sandwich,sandwich,128.2,121.82,101.82,1,,3.6,10.2592721,0.287252192,0.595431596,,1,1,,1,1,,,,
50011,category,foods,3,44,salad,salad,131,124.62,104.62,1,,2.8,9.964394487,0.447265356,0.688248104,,0,0,,0,0,,,,
50011,category,foods,3,45,wrap,wrap,132.2,125.82,105.82,0,,1.2,10.3423552,0.075312933,0.258049424,,1,0,,1,0,,,,
50011,category,foods,3,46,onions,onions,133.3,126.92,106.92,0,,1.1,9.124673545,0.122607436,0.232426804,,0,1,,0,0,,,,
50011,category,foods,3,47,cucumber,cucumber,135,128.62,108.62,0,,1.7,7.925880317,0.226445844,0.475170523,,0,0,,0,0,,,,
50011,category,foods,3,48,cashews,cashews,136.7,130.32,110.32,1,,1.7,5.710427017,0.06532507,0.338529766,,1,1,,0,0,,,,
50011,category,foods,3,49,almonds,almonds,138,131.62,111.62,0,,1.3,7.65396918,0.344721126,0.549125065,,0,0,,0,0,,,,
50011,category,foods,3,50,avocado,avocado,145.6,139.22,119.22,1,,7.6,7.089243155,0.168943639,0.471927694,,1,0,,0,0,,,,
50011,category,foods,3,51,garbanzo_beans,garbanzo_beans,149.8,143.42,123.42,1,,4.2,3.295836866,0.261305809,0.19450392,,0,0,,0,0,,,,
50011,category,foods,3,52,peanut_butter,peanut_butter,153.4,147.02,127.02,1,,3.6,8.293299359,0.052040056,0.075466927,,1,1,,1,1,,,,
50011,category,foods,3,53,dates,dates,156.7,150.32,130.32,1,,3.3,9.91457585,0.069483442,0.402003451,,0,0,,0,0,,,,
50011,category,foods,3,54,crackers,crackers,159.4,153.02,133.02,1,,2.7,8.682538124,0.066366371,0.448742305,,1,0,,0,0,,,,
50011,category,foods,3,55,smores,smores,161.8,155.42,135.42,0,,2.4,5.666426688,0.170553685,0.333386857,,0,1,,0,0,,,,
50011,category,foods,3,56,marshmallow,marshmallow,163.2,156.82,136.82,0,,1.4,7.351158226,0.253814685,0.385114841,,0,0,,0,0,,,,
50011,category,foods,3,57,broccoli,broccoli,173.2,166.82,146.82,1,,10,7.473637108,0.115871648,0.408069779,,1,0,,0,0,,,,
50011,category,foods,3,58,jello,jello,179.4,173.02,153.02,1,,6.2,5.837730447,0.215913604,0.403690743,,0,0,,0,0,,,,
50011,category,foods,3,59,pomegranate,pomegranate,191.9,185.52,165.52,1,,12.5,7.007600614,0.118901787,0.273541267,,1,1,,0,0,,,,
50011,category,foods,3,60,cherries,cherries,193,186.62,166.62,0,,1.1,8.038512021,0.256782949,0.459108947,,0,0,,0,0,,,,
50011,category,foods,3,61,cabbage,cabbage,199.9,193.52,173.52,1,,6.9,8.76499033,0.257651211,0.559359374,,0,0,,0,0,,,,
50011,category,foods,3,62,lettuce,lettuce,200.8,194.42,174.42,0,,0.9,8.490438454,0.432704389,0.657209094,,0,0,,0,0,,,,
50011,category,foods,3,63,squash,squash,206.8,200.42,180.42,0,,6,8.592300664,0.216469717,0.505725724,,0,0,,1,0,,,,
50012,category,foods,2,1,apple,apple,320.1,312.62,2.62,2,,2.62,10.46743679,0,0,,2,2,,2,2,,,,
50012,category,foods,2,2,banana,banana,321.7,314.22,4.22,0,,1.6,8.893435441,0.446216976,0.678280641,,0,0,,0,0,,,,
50012,category,foods,2,3,pineapple,pineapple,323.7,316.22,6.22,0,,2,7.983781069,0.284816653,0.537675604,,0,0,,0,0,,,,
50012,category,foods,2,4,grapes,grapes,325.5,318.02,8.02,0,,1.8,8.938794081,0.217891212,0.528250728,,1,1,,0,0,,,,
50012,category,foods,2,5,blueberries,blueberries,327.5,320.02,10.02,0,,2,6.895682698,0.32548498,0.577265535,,0,0,,0,0,,,,
50012,category,foods,2,6,cantaloupe,cantaloupe,329.8,322.32,12.32,0,,2.3,6.244166901,0.28726627,0.433830638,,1,1,,0,0,,,,
50012,category,foods,2,7,watermelon,watermelon,331.8,324.32,14.32,0,,2,7.490529402,0.629523735,0.671755837,,0,0,,0,0,,,,
50012,category,foods,2,8,honeydew,honeydew,333.9,326.42,16.42,0,,2.1,6.222576268,0.244017027,0.357877855,,0,0,,1,0,,,,
50012,category,foods,2,9,spinach,spinach,336.2,328.72,18.72,1,,2.3,7.763446389,0.118892124,0.27464419,,1,1,,1,1,,,,
50012,category,foods,2,10,romaine,romaine,338.1,330.62,20.62,0,,1.9,6.269096284,0.348039589,0.355787702,,0,0,,0,0,,,,
50012,category,foods,2,11,carrots,carrots,340.1,332.62,22.62,0,,2,8.750999691,0.203100505,0.277442288,,1,1,,0,0,,,,
50012,category,foods,2,12,broccoli,broccoli,342.2,334.72,24.72,0,,2.1,7.473637108,0.498447799,0.653434205,,0,0,,0,0,,,,
50012,category,foods,2,13,beets,beets,344.3,336.82,26.82,0,,2.1,7.072421901,0.354613761,0.54390864,,0,0,,0,0,,,,
50012,category,foods,2,14,corn,corn,346.2,338.72,28.72,0,,1.9,10.06539379,0.175913824,0.469833896,,1,1,,1,0,,,,
50012,category,foods,2,15,onions,onions,348.3,340.82,30.82,0,,2.1,9.124673545,0.294202666,0.555628499,,0,0,,0,0,,,,
50012,category,foods,2,16,mushrooms,mushrooms,350.3,342.82,32.82,0,,2,8.952605376,0.548965009,0.72982313,,0,0,,0,0,,,,
50012,category,foods,2,17,green_peppers,green_peppers,352.7,345.22,35.22,1,,2.4,5.746203191,0.483220409,0.567200914,,0,0,,0,0,,,,
50012,category,foods,2,18,yellow_peppers,yellow_peppers,355,347.52,37.52,0,,2.3,3.850147602,0.44382538,0.363148618,,0,0,,0,0,,,,
50012,category,foods,2,19,red_peppers,red_peppers,357.4,349.92,39.92,0,,2.4,5.433722004,0.320322546,0.327927048,,0,1,,0,0,,,,
50012,category,foods,2,20,raisins,raisins,360,352.52,42.52,1,,2.6,7.677400431,0.223719857,0.404470011,,1,0,,0,0,,,,
50012,category,foods,2,21,cranberries,cranberries,362.2,354.72,44.72,0,,2.2,5.955837369,0.468774719,0.641527722,,0,0,,0,0,,,,
50012,category,foods,2,22,peas,peas,364.7,357.22,47.22,0,,2.5,8.895081532,0.299682894,0.525755177,,0,0,,0,0,,,,
50012,category,foods,2,23,cheese,cheese,369.1,361.62,51.62,0,,4.4,10.49971075,0.161658312,0.483230314,,0,1,,0,0,,,,
50012,category,foods,2,24,almonds,almonds,373.4,365.92,55.92,0,,4.3,7.65396918,0.1471803,0.547913402,,1,0,,0,0,,,,
50012,category,foods,2,25,sushi,sushi,378.6,371.12,61.12,1,,5.2,7.483806688,0.170263121,0.420658217,,0,1,,0,0,,,,
50012,category,foods,2,26,pancakes,pancakes,380.7,373.22,63.22,1,,2.1,8.726318951,0.179107069,0.454080253,,0,0,,0,0,,,,
50012,category,foods,2,27,french_toast,french_toast,383.1,375.62,65.62,0,,2.4,6.791221463,0.787264503,0.795318525,,0,0,,0,0,,,,
50012,category,foods,2,28,eggs,eggs,385.7,378.22,68.22,0,,2.6,10.74694949,0.609172111,0.699544444,,0,0,,1,0,,,,
50012,category,foods,2,29,waffles,waffles,388.1,380.62,70.62,0,,2.4,7.340186835,0.513133824,0.663641463,,0,0,,1,0,,,,
50012,category,foods,2,30,bacon,bacon,390.6,383.12,73.12,0,,2.5,10.09786119,0.497988312,0.640877604,,1,1,,1,0,,,,
50012,category,foods,2,31,sausage,sausage,393.1,385.62,75.62,0,,2.5,9.258177701,0.615894643,0.771243675,,0,0,,0,0,,,,
50012,category,foods,2,32,ham,ham,395.4,387.92,77.92,0,,2.3,9.941890624,0.667574176,0.796810732,,0,0,,0,0,,,,
50012,category,foods,2,33,omelette,omelette,398.2,390.72,80.72,1,,2.8,7.431891917,0.592228003,0.685617456,,0,0,,0,0,,,,
50012,category,foods,2,34,sandwich,sandwich,401.6,394.12,84.12,1,,3.4,10.2592721,0.464854109,0.648946363,,0,0,,0,0,,,,
50012,category,foods,2,35,brownie,brownie,403.8,396.32,86.32,1,,2.2,8.450198323,0.189674,0.481502458,,1,1,,1,1,,,,
50012,category,foods,2,36,muffin,muffin,406,398.52,88.52,0,,2.2,8.420682291,0.192952318,0.481955295,,0,0,,0,0,,,,
50012,category,foods,2,37,doughnut,doughnut,408.2,400.72,90.72,0,,2.2,8.111928063,0.571956414,0.733888301,,0,0,,0,0,,,,
50012,category,foods,2,38,granola,granola,410.6,403.12,93.12,0,,2.4,6.690842277,0.114660246,0.294573321,,1,1,,1,0,,,,
50012,category,foods,2,39,pasta,pasta,413,405.52,95.52,0,,2.4,8.745284482,0.146197287,0.31186449,,0,0,,0,0,,,,
50012,category,foods,2,40,pizza,pizza,415.3,407.82,97.82,0,,2.3,9.951944328,0.320428706,0.589788512,,0,0,,0,0,,,,
50012,category,foods,2,41,bagel,bagel,417.7,410.22,100.22,0,,2.4,7.6989362,0.296458745,0.561208487,,0,0,,0,0,,,,
50012,category,foods,2,42,cream_cheese,cream_cheese,421.8,414.32,104.32,0,,4.1,7.17930797,0.126198997,0.422468218,,1,1,,0,0,,,,
50012,category,foods,2,43,turkey,turkey,424.6,417.12,107.12,1,,2.8,9.715892113,0.164178952,0.455027317,,0,0,,0,0,,,,
50012,category,foods,2,44,ham,ham,426.6,419.12,109.12,0,,2,9.941890624,0.38887621,0.603160356,,0,0,,0,0,,,,
50012,category,foods,2,45,salami,salami,429.1,421.62,111.62,0,,2.5,7.029087564,0.657367273,0.753089072,,0,0,,0,0,,,,
50012,category,foods,2,46,avocado,avocado,431.6,424.12,114.12,0,,2.5,7.089243155,0.340790986,0.480029764,,0,0,,1,0,,,,
50012,category,foods,2,47,tomato,tomato,434.3,426.82,116.82,0,,2.7,8.966483779,0.279596352,0.446535516,,0,0,,1,0,,,,
50012,category,foods,2,48,sprouts,sprouts,437.3,429.82,119.82,0,,3,7.283448229,0.186928663,0.416847533,,0,1,,1,0,,,,
50012,category,foods,2,49,salmon,salmon,439.6,432.12,122.12,1,,2.3,9.221873608,0.142223068,0.480627487,,1,0,,1,1,,,,
50012,category,foods,2,50,rice,rice,442.3,434.82,124.82,1,,2.7,10.03950336,0.212739449,0.571669206,,0,0,,0,0,,,,
50012,category,foods,2,51,quinoa,quinoa,444.8,437.32,127.32,0,,2.5,4.94875989,0.312126788,0.330046779,,0,0,,0,0,,,,
50012,category,foods,2,52,mango,mango,447.5,440.02,130.02,0,,2.7,7.708859601,0.111475734,0.1886727,,0,1,,1,0,,,,
50012,category,foods,2,53,zucchini,zucchini,450.1,442.62,132.62,0,,2.6,6.618738984,0.075226264,0.327560989,,1,0,,1,0,,,,
50012,category,foods,2,54,hamburger,hamburger,452.8,445.32,135.32,1,,2.7,8.491259809,0.114852253,0.369989745,,0,0,,0,0,,,,
50012,category,foods,2,55,veggie_burger,veggie_burger,456.8,449.32,139.32,0,,4,3.951243719,0.283205682,0.347453381,,0,0,,0,0,,,,
50012,category,foods,2,56,broth,broth,459.7,452.22,142.22,0,,2.9,8.772145439,0.091014968,0.225453721,,1,1,,1,0,,,,
50012,category,foods,2,57,kimchi,kimchi,462.1,454.62,144.62,0,,2.4,4.143134726,0.208106294,0.304303283,,0,0,,0,0,,,,
50012,category,foods,2,58,potatoes,potatoes,466.1,458.62,148.62,1,,4,9.890655574,0.096552994,0.252616142,,1,1,,0,0,,,,
50012,category,foods,2,59,sweet_potatoes,sweet_potatoes,468.7,461.22,151.22,0,,2.6,6.629363253,0.556743744,0.681771582,,0,0,,0,0,,,,
50012,category,foods,2,60,oatmeal,oatmeal,471.4,463.92,153.92,0,,2.7,8.351138607,0.271872409,0.4957139,,1,1,,1,0,,,,
50012,category,foods,2,61,soup,soup,473.7,466.22,156.22,0,,2.3,10.50998693,0.577499246,0.736438993,,0,0,,0,0,,,,
50012,category,foods,2,62,syrup,syrup,482.8,475.32,165.32,1,,9.1,8.767484875,0.136366338,0.511961467,,1,0,,1,1,,,,
50012,category,foods,2,63,jelly,jelly,485.5,478.02,168.02,0,,2.7,9.309370895,0.147178376,0.503488601,,0,1,,0,0,,,,
50012,category,foods,2,64,toast,toast,487.6,480.12,170.12,0,,2.1,10.30169304,0.206835814,0.533931194,,0,0,,0,0,,,,
50012,category,foods,2,65,smoothie,smoothie,491.2,483.72,173.72,1,,3.6,6.788971743,0.2059483,0.4681,,1,1,,0,0,,,,
50012,category,foods,2,66,ice_cream,ice_cream,493.8,486.32,176.32,0,,2.6,9.956696511,0.327933731,0.557304799,,0,0,,0,0,,,,
50012,category,foods,2,67,frozen_yogurt,frozen_yogurt,496.1,488.62,178.62,0,,2.3,5.247024072,0.499116456,0.554211323,,0,0,,0,0,,,,
50013,category,foods,3,1,creme_brulee,creme_brulee,29.4,23.419,3.419,2,,3.419,3.555348061,0,0,,2,2,,2,2,,,,
50013,category,foods,3,2,hamburger,hamburger,33.9,27.919,7.919,1,,4.5,8.491259809,0.182833603,0.237326653,,0,0,,1,1,,,,
50013,category,foods,3,3,popcorn,popcorn,38.1,32.119,12.119,1,,4.2,8.814033202,0.277230567,0.59458192,,0,0,,0,0,,,,
50013,category,foods,3,4,french_fries,french_fries,42.1,36.119,16.119,0,,4,7.486052618,0.346001753,0.610337521,,0,0,,0,0,,,,
50013,category,foods,3,5,potato_chips,potato_chips,46.7,40.719,20.719,0,,4.6,7.33432935,0.355912085,0.621083388,,0,0,,0,0,,,,
50013,category,foods,3,6,cannoli,cannoli,51.2,45.219,25.219,1,,4.5,5.446737372,0.134782861,0.343989952,,1,1,,1,1,,,,
50013,category,foods,3,7,fish,fish,55.6,49.619,29.619,1,,4.4,11.65383458,0.20838965,0.409211038,,0,0,,0,0,,,,
50013,category,foods,3,8,cereal,cereal,60,54.019,34.019,1,,4.4,8.815073089,0.16761007,0.516286474,,0,0,,0,0,,,,
50013,category,foods,3,9,fried_eggs,fried_eggs,64.4,58.419,38.419,1,,4.4,6.616065185,0.149092585,0.448550832,,1,1,,0,0,,,,
50013,category,foods,3,10,eggs_benedict,eggs_benedict,69.7,63.719,43.719,0,,5.3,5.638354669,0.428093095,0.474013103,,0,0,,0,0,,,,
50013,category,foods,3,11,scrambled_eggs,scrambled_eggs,74.2,68.219,48.219,0,,4.5,8.025843344,0.430849247,0.505701667,,0,0,,0,0,,,,
50013,category,foods,3,12,strawberry_smoothie,strawberry_smoothie,79.9,73.919,53.919,1,,5.7,2.197224577,0.185299184,0.175482076,,0,0,,1,1,,,,
50013,category,foods,3,13,banana_split,banana_split,85.6,79.619,59.619,0,,5.7,5.342334252,0.101856309,0.167462943,,0,0,,1,0,,,,
50013,category,foods,3,14,deep_fried_snickers,deep_fried_snickers,91.5,85.519,65.519,1,,5.9,0.693147181,0.020238188,0.08312081,,0,1,,1,1,,,,
50013,category,foods,3,15,chicken_fried_steak,chicken_fried_steak,97.4,91.419,71.419,0,,5.9,5.365976015,0.0001,0.109248618,,1,0,,1,0,,,,
50013,category,foods,3,16,avocado,avocado,103.5,97.519,77.519,1,,6.1,7.089243155,0.110867087,0.277757796,,0,0,,0,0,,,,
50013,category,foods,3,17,artichoke,artichoke,107.4,101.419,81.419,0,,3.9,6.386879319,0.182677712,0.242846296,,0,1,,0,0,,,,
50013,category,foods,3,18,spinach,spinach,112.1,106.119,86.119,0,,4.7,7.763446389,0.259001905,0.292053453,,0,0,,0,0,,,,
50013,category,foods,3,19,broccoli_rabe,broccoli_rabe,116.6,110.619,90.619,0,,4.5,3.828641396,0.255388368,0.195438046,,0,0,,0,0,,,,
50013,category,foods,3,20,turkey,turkey,121.2,115.219,95.219,1,,4.6,9.715892113,0.144743352,0.171539801,,1,1,,0,0,,,,
50013,category,foods,3,21,tomato,tomato,125.3,119.319,99.319,0,,4.1,8.966483779,0.212408126,0.460435841,,0,0,,0,0,,,,
50013,category,foods,3,22,baked_chicken,baked_chicken,130.2,124.219,104.219,1,,4.9,5.123963979,0.156595128,0.277466613,,0,0,,0,0,,,,
50013,category,foods,3,23,bread_bowl,bread_bowl,136.7,130.719,110.719,0,,6.5,3.871201011,0.046679322,0.149486288,,1,0,,0,0,,,,
50013,category,foods,3,24,grilled_cheese,grilled_cheese,142.3,136.319,116.319,1,,5.6,6.598509029,0.060557121,0.139816369,,0,1,,0,0,,,,
50013,category,foods,3,25,tomato_soup,tomato_soup,148.7,142.719,122.719,1,,6.4,6.484635236,0.406102076,0.379337647,,0,0,,0,0,,,,
50013,category,foods,3,26,clam_chowder,clam_chowder,156,150.019,130.019,0,,7.3,5.82008293,0.386551582,0.511242962,,0,0,,0,0,,,,
50013,category,foods,3,27,milk,milk,166.9,160.919,140.919,1,,10.9,11.02020168,0.194579679,0.458045066,,1,1,,1,1,,,,
50013,category,foods,3,28,bread,bread,174.5,168.519,148.519,0,,7.6,11.3021427,0.327369776,0.627026286,,0,0,,0,0,,,,
50013,category,foods,3,29,cheese,cheese,179.1,173.119,153.119,0,,4.6,10.49971075,0.382580667,0.666489893,,0,0,,0,0,,,,
50013,category,foods,3,30,eggplant,eggplant,184.5,178.519,158.519,1,,5.4,7.655390645,0.196867569,0.472324041,,0,0,,1,1,,,,
50013,category,foods,3,31,parsley,parsley,191.4,185.419,165.419,1,,6.9,7.672757897,0.163452231,0.388489822,,1,1,,1,1,,,,
50013,category,foods,3,32,carrots,carrots,197.3,191.319,171.319,1,,5.9,8.750999691,0.291313417,0.570127006,,0,0,,0,0,,,,
50013,category,foods,3,33,quesadilla,quesadilla,201.9,195.919,175.919,0,,4.6,4.234106505,0.101301217,0.24319887,,1,1,,1,0,,,,
50013,category,foods,3,34,taco,taco,206.4,200.419,180.419,0,,4.5,7.200424893,0.267384786,0.277516918,,0,0,,0,0,,,,
50014,category,foods,2,1,pizza,pizza,320.5,313.27,3.27,2,,3.27,9.951944328,0,0,,2,2,,2,2,,,,
50014,category,foods,2,2,pasta,pasta,321.4,314.17,4.17,0,,0.9,8.745284482,0.320428706,0.589788512,,0,0,,0,0,,,,
50014,category,foods,2,3,salad,salad,322.7,315.47,5.47,0,,1.3,9.964394487,0.467303519,0.687939653,,0,0,,0,0,,,,
50014,category,foods,2,4,tomato,tomato,323.8,316.57,6.57,1,,1.1,8.966483779,0.2371658,0.506324075,,0,0,,1,1,,,,
50014,category,foods,2,5,lettuce,lettuce,324.9,317.67,7.67,0,,1.1,8.490438454,0.206479515,0.453717818,,1,1,,1,0,,,,
50014,category,foods,2,6,carrots,carrots,326.4,319.17,9.17,0,,1.5,8.750999691,0.325399716,0.596635657,,0,0,,0,0,,,,
50014,category,foods,2,7,cucumber,cucumber,327,319.77,9.77,0,,0.6,7.925880317,0.189668288,0.431692769,,1,1,,0,0,,,,
50014,category,foods,2,8,celery,celery,328.2,320.97,10.97,0,,1.2,7.773594467,0.195302704,0.452893675,,0,0,,0,0,,,,
50014,category,foods,2,9,asparagus,asparagus,330,322.77,12.77,0,,1.8,7.696667082,0.347960203,0.582752214,,0,0,,0,0,,,,
50014,category,foods,2,10,eggs,eggs,331.5,324.27,14.27,1,,1.5,10.74694949,0.283087068,0.564814027,,0,1,,0,0,,,,
50014,category,foods,2,11,milk,milk,333.6,326.37,16.37,0,,2.1,11.02020168,0.237181646,0.581752489,,1,0,,0,0,,,,
50014,category,foods,2,12,cheese,cheese,335.5,328.27,18.27,0,,1.9,10.49971075,0.303758256,0.630646172,,0,0,,0,0,,,,
50014,category,foods,2,13,cottage_cheese,cottage_cheese,336.6,329.37,19.37,0,,1.1,6.265301213,0.306509671,0.553857664,,0,0,,0,0,,,,
50014,category,foods,2,14,gruyere,gruyere,340.2,332.97,22.97,0,,3.6,3.988984047,0.179976284,0.23541586,,0,0,,0,0,,,,
50014,category,foods,2,15,bleu_cheese,bleu_cheese,342.3,335.07,25.07,0,,2.1,3.970291914,0.055414431,0.105575608,,1,1,,0,0,,,,
50014,category,foods,2,16,swiss_cheese,swiss_cheese,344.5,337.27,27.27,0,,2.2,6.280395839,0.074876979,0.134763334,,0,0,,0,0,,,,
50014,category,foods,2,17,pickle,pickle,349,341.77,31.77,1,,4.5,8.176953868,0.267389249,0.41999471,,0,0,,0,0,,,,
50014,category,foods,2,18,relish,relish,350.2,342.97,32.97,0,,1.2,9.319912008,0.109871754,0.32639132,,0,0,,0,0,,,,
50014,category,foods,2,19,cucumber,cucumber,352.4,345.17,35.17,0,,2.2,7.925880317,0.082583457,0.276700123,,1,1,,0,0,,,,
50014,category,foods,2,20,red_peppers,red_peppers,356.7,349.47,39.47,1,,4.3,5.433722004,0.201672582,0.326979879,,0,0,,0,0,,,,
50014,category,foods,2,21,green_peppers,green_peppers,358.3,351.07,41.07,0,,1.6,5.746203191,0.526519617,0.532696464,,0,0,,0,0,,,,
50014,category,foods,2,22,yellow_peppers,yellow_peppers,359.1,351.87,41.87,0,,0.8,3.850147602,0.44382538,0.363148618,,0,0,,0,0,,,,
50014,category,foods,2,23,omelette,omelette,362.5,355.27,45.27,1,,3.4,7.431891917,0.070530616,0.18869382,,1,1,,1,1,,,,
50014,category,foods,2,24,hard_boiled_egg,hard_boiled_egg,365.1,357.87,47.87,0,,2.6,5.666426688,0.322316253,0.450024849,,0,0,,0,0,,,,
50014,category,foods,2,25,olives,olives,368.6,361.37,51.37,1,,3.5,8.377701213,0.244241162,0.457734061,,1,0,,0,0,,,,
50014,category,foods,2,26,ginger,ginger,371.7,364.47,54.47,0,,3.1,9.788637711,0.248837075,0.467703884,,0,0,,0,0,,,,
50014,category,foods,2,27,pickled_ginger,pickled_ginger,372.8,365.57,55.57,0,,1.1,3.135494216,0.077682867,0.13423578,,1,1,,0,0,,,,
50014,category,foods,2,28,garlic,garlic,374.3,367.07,57.07,0,,1.5,9.100302267,0.177785042,0.189995829,,0,0,,0,0,,,,
50014,category,foods,2,29,onions,onions,374.9,367.67,57.67,0,,0.6,9.124673545,0.48659087,0.711174782,,0,0,,0,0,,,,
50014,category,foods,2,30,banana,banana,375.6,368.37,58.37,1,,0.7,8.893435441,0.190026615,0.463690791,,1,1,,1,1,,,,
50014,category,foods,2,31,apple,apple,377.2,369.97,59.97,0,,1.6,10.46743679,0.446216976,0.678280641,,0,0,,0,0,,,,
50014,category,foods,2,32,mango,mango,378.9,371.67,61.67,0,,1.7,7.708859601,0.692077875,0.772733004,,0,0,,0,0,,,,
50014,category,foods,2,33,avocado,avocado,379.6,372.37,62.37,0,,0.7,7.089243155,0.389411077,0.516622449,,0,0,,1,0,,,,
50014,category,foods,2,34,orange,orange,381.6,374.37,64.37,0,,2,11.19445423,0.231450877,0.458132538,,0,0,,1,0,,,,
50014,category,foods,2,35,clementine,clementine,384.6,377.37,67.37,0,,3,8.375629627,0.126937779,0.356340219,,0,0,,1,0,,,,
50014,category,foods,2,36,sweet_potatoes,sweet_potatoes,388.5,381.27,71.27,1,,3.9,6.629363253,0.074674043,0.222483406,,1,1,,1,1,,,,
50014,category,foods,2,37,potatoes,potatoes,390.6,383.37,73.37,0,,2.1,9.890655574,0.556743744,0.681771582,,0,0,,0,0,,,,
50014,category,foods,2,38,yam,yam,392.4,385.17,75.17,0,,1.8,6.735780014,0.134255227,0.365508535,,0,0,,1,0,,,,
50014,category,foods,2,39,truffles,truffles,395.8,388.57,78.57,1,,3.4,6.943122423,0.08735579,0.311363787,,1,1,,1,1,,,,
50014,category,foods,2,40,mushrooms,mushrooms,397.7,390.47,80.47,0,,1.9,8.952605376,0.251562839,0.508939979,,0,0,,0,0,,,,
50014,category,foods,2,41,button_mushrooms,button_mushrooms,399.9,392.67,82.67,0,,2.2,3.80666249,0.240110075,0.228623746,,0,1,,0,0,,,,
50014,category,foods,2,42,bread,bread,409.3,402.07,92.07,1,,9.4,11.3021427,0.186034865,0.246987349,,1,0,,0,0,,,,
50014,category,foods,2,43,french_bread,french_bread,411.9,404.67,94.67,0,,2.6,6.333279628,0.681017524,0.755183837,,0,0,,0,0,,,,
50014,category,foods,2,44,rye_bread,rye_bread,412.6,405.37,95.37,0,,0.7,6.135564891,0.69556677,0.705842345,,0,1,,0,0,,,,
50014,category,foods,2,45,marbled_rye_bread,rye_bread,414.5,407.27,97.27,0,,1.9,6.135564891,1,1,,0,0,,0,0,,,,
50014,category,foods,2,46,wheat_bread,wheat_bread,417.8,410.57,100.57,0,,3.3,4.976733742,0.639612963,0.552723366,,1,0,,1,0,,,,
50014,category,foods,2,47,whole_wheat_bread,whole_wheat_bread,418.7,411.47,101.47,0,,0.9,4.779123493,0.671222925,0.539110384,,0,0,,0,0,,,,
50014,category,foods,2,48,flour,flour,420.1,412.87,102.87,0,,1.4,9.44919978,0.162154457,0.293413279,,1,1,,1,0,,,,
50014,category,foods,2,49,chocolate,chocolate,422.2,414.97,104.97,1,,2.1,10.67106944,0.243047536,0.520778955,,0,0,,0,0,,,,
50014,category,foods,2,50,candy,candy,424.5,417.27,107.27,0,,2.3,10.20643994,0.308187701,0.597112244,,0,0,,0,0,,,,
50014,category,foods,2,51,licorice,licorice,425.6,418.37,108.37,0,,1.1,7.258412151,0.299828978,0.55126678,,0,0,,0,0,,,,
50014,category,foods,2,52,yogurt,yogurt,430.9,423.67,113.67,0,,5.3,7.711101252,0.123144471,0.443024219,,1,1,,0,0,,,,
50014,category,foods,2,53,raspberries,raspberries,432.8,425.57,115.57,0,,1.9,7.318539549,0.235407131,0.555205788,,0,0,,0,0,,,,
50014,category,foods,2,54,mango,mango,435.8,428.57,118.57,0,,3,7.708859601,0.156903515,0.41526568,,1,1,,0,0,,,,
50014,category,foods,2,55,cherries,cherries,436.7,429.47,119.47,0,,0.9,8.038512021,0.252356119,0.47674725,,0,0,,0,0,,,,
50014,category,foods,2,56,blueberries,blueberries,437.6,430.37,120.37,0,,0.9,6.895682698,0.472319034,0.645675936,,0,0,,0,0,,,,
50014,category,foods,2,57,strawberries,strawberries,438.3,431.07,121.07,0,,0.7,8.50512061,0.627964623,0.726932027,,0,0,,0,0,,,,
50014,category,foods,2,58,ground_cherries,ground_cherries,440.1,432.87,122.87,0,,1.8,1.609437912,0.184933016,0.137212647,,0,0,,1,0,,,,
50014,category,foods,2,59,tomato,tomato,443.9,436.67,126.67,1,,3.8,8.966483779,0.0001,0.045823737,,1,1,,1,1,,,,
50014,category,foods,2,60,green_onions,green_onions,448,440.77,130.77,0,,4.1,5.18178355,0.176037682,0.320138164,,0,0,,0,0,,,,
50014,category,foods,2,61,chives,chives,449.7,442.47,132.47,0,,1.7,6.327936784,0.524206973,0.530793329,,0,0,,0,0,,,,
50014,category,foods,2,62,barley,barley,454.9,447.67,137.67,1,,5.2,8.770904744,0.116751709,0.332699507,,1,1,,1,1,,,,
50014,category,foods,2,63,oatmeal,oatmeal,463.7,456.47,146.47,0,,8.8,8.351138607,0.250290124,0.515101994,,0,0,,0,0,,,,
50014,category,foods,2,64,orzo,orzo,468.7,461.47,151.47,0,,5,3.784189634,0.108465372,0.206130296,,1,0,,0,0,,,,
50014,category,foods,2,65,quinoa,quinoa,472.4,465.17,155.17,0,,3.7,4.94875989,0.199049938,0.15562722,,0,0,,0,0,,,,
50014,category,foods,2,66,artichoke,artichoke,482.6,475.37,165.37,1,,10.2,6.386879319,0.061463162,0.100464693,,1,1,,0,0,,,,
50014,category,foods,2,67,corn,corn,485.1,477.87,167.87,0,,2.5,10.06539379,0.122876324,0.282731103,,0,0,,0,0,,,,
50014,category,foods,2,68,cornmeal,cornmeal,486.7,479.47,169.47,0,,1.6,6.763884909,0.338032589,0.508826842,,0,0,,0,0,,,,
50014,category,foods,2,69,corn_on_the_cob,corn_on_the_cob,489.2,481.97,171.97,0,,2.5,5.891644212,0.126924697,0.328257272,,1,1,,1,0,,,,
50014,category,foods,2,70,creamed_corn,creamed_corn,491.5,484.27,174.27,0,,2.3,4.875197323,0.367868164,0.384566566,,0,0,,0,0,,,,
50014,category,foods,2,71,black_beans,black_beans,494.6,487.37,177.37,1,,3.1,5.493061443,0.248453889,0.282227137,,1,1,,0,0,,,,
50014,category,foods,2,72,green_beans,green_beans,495.9,488.67,178.67,0,,1.3,7.21964204,0.29035193,0.447474552,,0,0,,0,0,,,,
50014,category,foods,2,73,lemon,lemon,498.3,491.07,181.07,0,,2.4,9.585071321,0.117105992,0.44750597,,0,0,,0,0,,,,
50016,category,foods,4,1,apple,apple,322.6,315.719,5.719,2,,5.719,10.46743679,0,0,,2,2,,2,2,,,,
50016,category,foods,4,2,orange,orange,324,317.119,7.119,0,,1.4,11.19445423,0.319844157,0.595290058,,0,0,,0,0,,,,
50016,category,foods,4,3,apricots,apricots,326.1,319.219,9.219,0,,2.1,6.867974409,0.120372502,0.449855427,,0,0,,1,0,,,,
50016,category,foods,4,4,pear,pear,328.8,321.919,11.919,0,,2.7,8.534246946,0.073232846,0.313212234,,1,1,,1,0,,,,
50016,category,foods,4,5,grapes,grapes,330.5,323.619,13.619,0,,1.7,8.938794081,0.08997526,0.341066945,,0,0,,0,0,,,,
50016,category,foods,4,6,carrots,carrots,333.3,326.419,16.419,0,,2.8,8.750999691,0.175400745,0.5113307,,0,0,,0,0,,,,
50016,category,foods,4,7,broccoli,broccoli,335,328.119,18.119,0,,1.7,7.473637108,0.498447799,0.653434205,,0,0,,0,0,,,,
50016,category,foods,4,8,lemon,lemon,337.1,330.219,20.219,0,,2.1,9.585071321,0.145329455,0.488688352,,1,0,,1,0,,,,
50016,category,foods,4,9,mushrooms,mushrooms,339,332.119,22.119,0,,1.9,8.952605376,0.207677187,0.486994123,,0,1,,0,0,,,,
50016,category,foods,4,10,peas,peas,340.7,333.819,23.819,0,,1.7,8.895081532,0.343436571,0.585134934,,0,0,,0,0,,,,
50016,category,foods,4,11,green_beans,green_beans,342.3,335.419,25.419,0,,1.6,7.21964204,0.46631151,0.62517542,,0,0,,0,0,,,,
50016,category,foods,4,12,soup,soup,344.1,337.219,27.219,1,,1.8,10.50998693,0.32681404,0.56076506,,0,1,,1,1,,,,
50016,category,foods,4,13,steak,steak,345.9,339.019,29.019,1,,1.8,9.583970757,0.313333099,0.60219589,,1,0,,1,1,,,,
50016,category,foods,4,14,fish,fish,347.7,340.819,30.819,0,,1.8,11.65383458,0.36291276,0.629873612,,0,0,,0,0,,,,
50016,category,foods,4,15,chicken,chicken,349.6,342.719,32.719,0,,1.9,10.6803093,0.400631783,0.680550057,,0,0,,0,0,,,,
50016,category,foods,4,16,pork,pork,351.5,344.619,34.619,0,,1.9,9.213634939,0.455961428,0.641153474,,0,0,,0,0,,,,
50016,category,foods,4,17,tofu,tofu,353.7,346.819,36.819,1,,2.2,7.160845907,0.308328736,0.465228301,,0,0,,1,1,,,,
50016,category,foods,4,18,guacamole,guacamole,356.5,349.619,39.619,1,,2.8,5.826000107,0.190058415,0.353275704,,1,0,,1,1,,,,
50016,category,foods,4,19,queso,queso,358.6,351.719,41.719,0,,2.1,4.543294782,0.28463455,0.247379398,,0,0,,0,0,,,,
50016,category,foods,4,20,beans,beans,360.6,353.719,43.719,0,,2,9.95056196,0.109631511,0.168402638,,1,1,,1,0,,,,
50016,category,foods,4,21,rice,rice,362.4,355.519,45.519,0,,1.8,10.03950336,0.362679277,0.641313526,,0,0,,0,0,,,,
50016,category,foods,4,22,lettuce,lettuce,364.6,357.719,47.719,0,,2.2,8.490438454,0.241791408,0.566252484,,0,0,,0,0,,,,
50016,category,foods,4,23,tomato,tomato,366.7,359.819,49.819,1,,2.1,8.966483779,0.206479515,0.453717818,,0,0,,0,0,,,,
50016,category,foods,4,24,peppers,peppers,369.7,362.819,52.819,0,,3,7.820439515,0.166762774,0.390225743,,1,0,,0,0,,,,
50016,category,foods,4,25,jalapeno,jalapeno,371.6,364.719,54.719,0,,1.9,4.859812404,0.298905669,0.301402334,,0,0,,0,0,,,,
50016,category,foods,4,26,olives,olives,373.8,366.919,56.919,0,,2.2,8.377701213,0.280140733,0.292869903,,1,1,,0,0,,,,
50016,category,foods,4,27,bread,bread,377.9,371.019,61.019,1,,4.1,11.3021427,0.400855446,0.661386874,,0,0,,0,0,,,,
50016,category,foods,4,28,crackers,crackers,382.7,375.819,65.819,0,,4.8,8.682538124,0.524076092,0.734434419,,0,0,,0,0,,,,
50016,category,foods,4,29,hummus,hummus,384.9,378.019,68.019,1,,2.2,5.934894196,0.281004844,0.497137181,,0,0,,1,1,,,,
50016,category,foods,4,30,candy,candy,387.7,380.819,70.819,1,,2.8,10.20643994,0.161916454,0.393671389,,1,1,,1,1,,,,
50016,category,foods,4,31,ice_cream,ice_cream,389.7,382.819,72.819,0,,2,9.956696511,0.321485378,0.605880762,,0,0,,0,0,,,,
50016,category,foods,4,32,frozen_yogurt,frozen_yogurt,391.6,384.719,74.719,0,,1.9,5.247024072,0.499116456,0.554211323,,0,0,,0,0,,,,
50016,category,foods,4,33,sorbet,sorbet,393.4,386.519,76.519,0,,1.8,6.194405391,0.22766602,0.3032917,,1,1,,1,0,,,,
50016,category,foods,4,34,pie,pie,395.5,388.619,78.619,0,,2.1,10.1931302,0.359947738,0.52344851,,0,0,,0,0,,,,
50016,category,foods,4,35,quiche,quiche,397.2,390.319,80.319,1,,1.7,6.618738984,0.431350609,0.626878197,,0,0,,0,0,,,,
50016,category,foods,4,36,sausage,sausage,410.9,404.019,94.019,0,,13.7,9.258177701,0.341430433,0.572034646,,1,1,,0,0,,,,
50016,category,foods,4,37,eggs,eggs,412.7,405.819,95.819,0,,1.8,10.74694949,0.579440879,0.752994355,,0,0,,0,0,,,,
50016,category,foods,4,38,cheese,cheese,414.5,407.619,97.619,0,,1.8,10.49971075,0.30920363,0.60929659,,0,0,,1,0,,,,
50016,category,foods,4,39,nuts,nuts,426.4,419.519,109.519,1,,11.9,10.15754821,0.150345474,0.510828459,,1,0,,1,1,,,,
50016,category,foods,4,40,sunflower_seeds,sunflower_seeds,436.7,429.819,119.819,0,,10.3,5.886104031,0.249463337,0.472277705,,0,0,,0,0,,,,
50016,category,foods,4,41,cookie,cookie,448.7,441.819,131.819,1,,12,9.505916207,0.207050738,0.446859122,,1,1,,0,0,,,,
50016,category,foods,4,42,doughnut,doughnut,451.4,444.519,134.519,0,,2.7,8.111928063,0.380274632,0.632380823,,0,0,,0,0,,,,
50016,category,foods,4,43,cupcake,cupcake,453.6,446.719,136.719,0,,2.2,7.890582535,0.560661304,0.701042022,,0,0,,0,0,,,,
50016,category,foods,4,44,chips,chips,457.9,451.019,141.019,1,,4.3,9.99392223,0.229092266,0.475897761,,0,0,,1,1,,,,
50016,category,foods,4,45,salsa,salsa,463.1,456.219,146.219,0,,5.2,7.398786275,0.16402124,0.474142881,,1,1,,1,0,,,,
50016,category,foods,4,46,french_fries,french_fries,468.4,461.519,151.519,1,,5.3,7.486052618,0.222511998,0.491618692,,0,0,,0,0,,,,
50016,category,foods,4,47,potatoes,potatoes,470.4,463.519,153.519,0,,2,9.890655574,0.357698672,0.614174829,,0,0,,0,0,,,,
50016,category,foods,4,48,onions,onions,479.8,472.919,162.919,1,,9.4,9.124673545,0.494218281,0.719157462,,0,0,,0,0,,,,
50016,category,foods,4,49,pasta,pasta,488.7,481.819,171.819,1,,8.9,8.745284482,0.262597074,0.526807878,,1,1,,1,1,,,,
50016,category,foods,4,50,yogurt,yogurt,493.9,487.019,177.019,1,,5.2,7.711101252,0.306791235,0.590457838,,0,0,,0,0,,,,
50017,category,foods,1,1,banana,banana,28.4,22.412,2.412,2,,2.412,8.893435441,0,0,,2,2,,2,2,,,,
50017,category,foods,1,2,burger,burger,30.5,24.512,4.512,0,,2.1,8.939843124,0.201987648,0.494019602,,0,0,,1,0,,,,
50017,category,foods,1,3,hot_dog,hot_dog,31.9,25.912,5.912,0,,1.4,7.832410927,0.270292509,0.539923202,,0,0,,0,0,,,,
50017,category,foods,1,4,steak,steak,33.2,27.212,7.212,0,,1.3,9.583970757,0.258601767,0.534240341,,1,0,,0,0,,,,
50017,category,foods,1,5,sushi,sushi,34.8,28.812,8.812,0,,1.6,7.483806688,0.327713159,0.525832832,,0,0,,0,0,,,,
50017,category,foods,1,6,kale,kale,36.8,30.812,10.812,0,,2,7.781973234,0.211335169,0.399124352,,1,1,,0,0,,,,
50017,category,foods,1,7,salad,salad,38.8,32.812,12.812,0,,2,9.964394487,0.278278878,0.515144115,,0,0,,0,0,,,,
50017,category,foods,1,8,fish,fish,41.1,35.112,15.112,1,,2.3,11.65383458,0.297963062,0.59404424,,0,0,,0,0,,,,
50017,category,foods,1,9,poultry,poultry,42.7,36.712,16.712,0,,1.6,7.698482788,0.301356218,0.558622607,,0,0,,0,0,,,,
50017,category,foods,1,10,ham,ham,44.7,38.712,18.712,0,,2,9.941890624,0.168077468,0.449564049,,1,1,,0,0,,,,
50017,category,foods,1,11,noodles,noodles,47.2,41.212,21.212,1,,2.5,8.169336396,0.310897623,0.575943412,,0,0,,0,0,,,,
50017,category,foods,1,12,pizza,pizza,49.3,43.312,23.312,1,,2.1,9.951944328,0.217776807,0.508482984,,1,1,,0,0,,,,
50017,category,foods,1,13,lasagna,lasagna,51.1,45.112,25.112,0,,1.8,7.626082758,0.414868127,0.641017636,,0,0,,0,0,,,,
50017,category,foods,1,14,nachos,nachos,55.4,49.412,29.412,1,,4.3,6.461468176,0.392505241,0.559718108,,0,0,,0,0,,,,
50017,category,foods,1,15,candy,candy,57.6,51.612,31.612,0,,2.2,10.20643994,0.131199764,0.419386946,,1,1,,1,0,,,,
50017,category,foods,1,16,popcorn,popcorn,59.9,53.912,33.912,0,,2.3,8.814033202,0.306184382,0.580595948,,0,0,,0,0,,,,
50017,category,foods,1,17,potatoes,potatoes,63,57.012,37.012,1,,3.1,9.890655574,0.199402824,0.552793346,,1,1,,0,0,,,,
50017,category,foods,1,18,vegetables,vegetables,64.4,58.412,38.412,0,,1.4,9.949702976,0.35901103,0.64525648,,0,0,,0,0,,,,
50017,category,foods,1,19,fruit,fruit,68.6,62.612,42.612,0,,4.2,10.86671912,0.441577719,0.672266619,,0,0,,0,0,,,,
50017,category,foods,1,20,brownie,brownie,70.9,64.912,44.912,1,,2.3,8.450198323,0.165976874,0.442804681,,1,1,,1,1,,,,
50017,category,foods,1,21,cake,cake,72.9,66.912,46.912,0,,2,10.67209001,0.173241583,0.47789998,,0,0,,0,0,,,,
50017,category,foods,1,22,fries,fries,80.5,74.512,54.512,1,,7.6,8.481358738,0.199711773,0.540677826,,0,0,,0,0,,,,
50017,category,foods,1,23,animal_food,animal_food,86.2,80.212,60.212,1,,5.7,4.532599493,0.078419956,0.209745288,,0,0,,0,0,,,,
50017,category,foods,1,24,jello,jello,92.4,86.412,66.412,1,,6.2,5.837730447,0.062685686,0.168013643,,1,1,,0,0,,,,
50017,category,foods,1,25,pudding,pudding,94.7,88.712,68.712,0,,2.3,9.209840247,0.143687442,0.404804479,,0,0,,0,0,,,,
50017,category,foods,1,26,chicken_wings,chicken_wings,100.1,94.112,74.112,0,,5.4,5.676753802,0.113869546,0.364575708,,1,1,,0,0,,,,
50017,category,foods,1,27,soup,soup,103.5,97.512,77.512,1,,3.4,10.50998693,0.208932995,0.431720736,,0,0,,0,0,,,,
50017,category,foods,1,28,pastry,pastry,107.3,101.312,81.312,1,,3.8,8.787983396,0.297820448,0.599356959,,0,0,,0,0,,,,
50017,category,foods,1,29,kabob,kabob,119.1,113.112,93.112,1,,11.8,4.941642423,0.089659831,0.196213855,,0,0,,1,1,,,,
50017,category,foods,1,30,naan,naan,125.9,119.912,99.912,1,,6.8,4.941642423,0.068698375,0.117809936,,1,1,,1,1,,,,
50017,category,foods,1,31,sardines,sardines,130.8,124.812,104.812,0,,4.9,7.527793988,0.139739279,0.232883851,,0,0,,0,0,,,,
50017,category,foods,1,32,olives,olives,134.1,128.112,108.112,1,,3.3,8.377701213,0.259268303,0.512429692,,0,0,,0,0,,,,
50017,category,foods,1,33,berries,berries,138.4,132.412,112.412,1,,4.3,9.130539302,0.375214349,0.639816543,,0,0,,0,0,,,,
50017,category,foods,1,34,mushrooms,mushrooms,140.3,134.312,114.312,1,,1.9,8.952605376,0.486688696,0.703428498,,0,0,,0,0,,,,
50017,category,foods,1,35,onions,onions,144,138.012,118.012,1,,3.7,9.124673545,0.548965009,0.72982313,,0,0,,0,0,,,,
50017,category,foods,1,36,roots,roots,147.8,141.812,121.812,1,,3.8,10.43716996,0.101147641,0.376271075,,1,1,,1,1,,,,
50017,category,foods,1,37,pie,pie,161,155.012,135.012,1,,13.2,10.1931302,0.120991758,0.383290609,,0,0,,0,0,,,,
50017,category,foods,1,38,ice_cream,ice_cream,163.3,157.312,137.312,1,,2.3,9.956696511,0.381139749,0.65853403,,0,0,,0,0,,,,
50017,category,foods,1,39,chocolate,chocolate,167.7,161.712,141.712,0,,4.4,10.67106944,0.365845358,0.635526847,,0,0,,0,0,,,,
50017,category,foods,1,40,cereal,cereal,182.8,176.812,156.812,1,,15.1,8.815073089,0.205493856,0.526162069,,1,1,,1,1,,,,
50017,category,foods,1,41,oatmeal,oatmeal,184.1,178.112,158.112,0,,1.3,8.351138607,0.644388532,0.744274577,,0,0,,0,0,,,,
50017,category,foods,1,42,eggs,eggs,187.3,181.312,161.312,1,,3.2,10.74694949,0.324516703,0.583803398,,1,1,,1,1,,,,
50017,category,foods,1,43,pancakes,pancakes,189,183.012,163.012,0,,1.7,8.726318951,0.566071099,0.737222763,,0,0,,0,0,,,,
50017,category,foods,1,44,bacon,bacon,196.6,190.612,170.612,0,,7.6,10.09786119,0.541774771,0.707299054,,0,0,,0,0,,,,
50017,category,foods,1,45,chili,chili,202.9,196.912,176.912,1,,6.3,8.471358655,0.186208788,0.497656331,,1,1,,1,1,,,,
50017,category,foods,1,46,meat_loaf,meat_loaf,205.2,199.212,179.212,1,,2.3,6.668228248,0.309895212,0.5194934,,0,0,,0,0,,,,
50018,category,foods,2,1,apple,apple,322.8,314.521,4.521,2,,4.521,10.46743679,0,0,,2,2,,2,2,,,,
50018,category,foods,2,2,banana,banana,324.5,316.221,6.221,0,,1.7,8.893435441,0.446216976,0.678280641,,0,0,,0,0,,,,
50018,category,foods,2,3,peanuts,peanuts,327.9,319.621,9.621,1,,3.4,8.256607345,0.241916703,0.557236818,,0,0,,1,1,,,,
50018,category,foods,2,4,bread,bread,330.4,322.121,12.121,1,,2.5,11.3021427,0.226178247,0.540205274,,0,0,,1,1,,,,
50018,category,foods,2,5,plum,plum,333.6,325.321,15.321,1,,3.2,9.132919225,0.129276794,0.377728527,,1,1,,1,1,,,,
50018,category,foods,2,6,strawberries,strawberries,336.7,328.421,18.421,0,,3.1,8.50512061,0.207690713,0.428125157,,0,0,,0,0,,,,
50018,category,foods,2,7,blueberries,blueberries,339.8,331.521,21.521,0,,3.1,6.895682698,0.627964623,0.726932027,,0,0,,0,0,,,,
50018,category,foods,2,8,spaghetti,spaghetti,343.8,335.521,25.521,1,,4,8.718500048,0.175075145,0.450815027,,1,1,,1,1,,,,
50018,category,foods,2,9,chicken,chicken,346.3,338.021,28.021,1,,2.5,10.6803093,0.307689599,0.581293077,,0,0,,0,0,,,,
50018,category,foods,2,10,steak,steak,348.5,340.221,30.221,0,,2.2,9.583970757,0.49562326,0.692282244,,0,0,,0,0,,,,
50018,category,foods,2,11,ham,ham,350.9,342.621,32.621,0,,2.4,9.941890624,0.469198078,0.6857128,,0,0,,0,0,,,,
50018,category,foods,2,12,bologna,bologna,353.1,344.821,34.821,0,,2.2,7.43543802,0.404350327,0.616510581,,0,0,,0,0,,,,
50018,category,foods,2,13,sausage,sausage,355.3,347.021,37.021,0,,2.2,9.258177701,0.216686712,0.513958765,,1,0,,1,0,,,,
50018,category,foods,2,14,pepperoni,pepperoni,357.6,349.321,39.321,0,,2.3,6.90475077,0.241669343,0.507672488,,0,0,,0,0,,,,
50018,category,foods,2,15,roast_beef,roast_beef,359.8,351.521,41.521,0,,2.2,7.944492164,0.143281098,0.390025789,,1,1,,0,0,,,,
50018,category,foods,2,16,rice,rice,368.4,360.121,50.121,1,,8.6,10.03950336,0.272091958,0.528293688,,0,0,,0,0,,,,
50018,category,foods,2,17,beans,beans,375.7,367.421,57.421,0,,7.3,9.95056196,0.362679277,0.641313526,,0,0,,0,0,,,,
50018,category,foods,2,18,corn,corn,378.1,369.821,59.821,0,,2.4,10.06539379,0.361976167,0.610037593,,0,0,,0,0,,,,
50018,category,foods,2,19,carrots,carrots,380.9,372.621,62.621,1,,2.8,8.750999691,0.255309915,0.514923641,,1,1,,0,0,,,,
50018,category,foods,2,20,asparagus,asparagus,385.7,377.421,67.421,0,,4.8,7.696667082,0.502192832,0.657080552,,0,0,,0,0,,,,
50018,category,foods,2,21,coleslaw,coleslaw,388.5,380.221,70.221,1,,2.8,6.401917197,0.353601207,0.536453822,,0,0,,1,1,,,,
50018,category,foods,2,22,oreo,oreo_cookies,392.4,384.121,74.121,1,,3.9,4.356708827,0.079618203,0.326404642,,1,0,,1,1,,,,
50018,category,foods,2,23,peanut_butter_jelly,peanut_butter_and_jelly,409.5,401.221,91.221,1,,17.1,6.270988432,0.159181116,0.147176186,,0,1,,0,0,,,,
50018,category,foods,2,24,chocolate_chip_cookies,chocolate_chip_cookies,414.7,406.421,96.421,1,,5.2,6.910750788,0.038732722,0.225172529,,1,0,,0,0,,,,
50018,category,foods,2,25,macaroni_and_cheese,macaroni_and_cheese,423.1,414.821,104.821,1,,8.4,6.668228248,0.396772346,0.581142943,,0,0,,0,0,,,,
50018,category,foods,2,26,granola,granola,432.1,423.821,113.821,1,,9,6.690842277,0.156586055,0.264125991,,1,1,,1,1,,,,
50018,category,foods,2,27,yogurt,yogurt,434.5,426.221,116.221,0,,2.4,7.711101252,0.236466585,0.37919184,,0,0,,0,0,,,,
50018,category,foods,2,28,orange,orange,437.4,429.121,119.121,1,,2.9,11.19445423,0.086709985,0.445054025,,1,0,,1,1,,,,
50018,category,foods,2,29,mango,mango,439.6,431.321,121.321,0,,2.2,7.708859601,0.321165605,0.565265353,,0,0,,0,0,,,,
50018,category,foods,2,30,dragon_fruit,dragon_fruit,444.3,436.021,126.021,0,,4.7,2.302585093,0.0001,0.032071912,,1,0,,1,0,,,,
50018,category,foods,2,31,red_peppers,red_peppers,457.6,449.321,139.321,1,,13.3,5.433722004,0.11402056,0.02729606,,0,1,,0,0,,,,
50018,category,foods,2,32,mushrooms,mushrooms,460.7,452.421,142.421,0,,3.1,8.952605376,0.460495832,0.533498601,,0,0,,0,0,,,,
50018,category,foods,2,33,toast,toast,469.5,461.221,151.221,1,,8.8,10.30169304,0.232761493,0.543505551,,0,0,,1,1,,,,
50018,category,foods,2,34,ice_cream,ice_cream,477.1,468.821,158.821,1,,7.6,9.956696511,0.166626493,0.517638164,,1,1,,1,1,,,,
50018,category,foods,2,35,hot_dog,hot_dog,479.4,471.121,161.121,1,,2.3,7.832410927,0.294810534,0.553056223,,0,0,,0,0,,,,
50018,category,foods,2,36,corn_dog,corn_dog,482.5,474.221,164.221,0,,3.1,4.663439094,0.386503708,0.430594111,,0,0,,0,0,,,,
50018,category,foods,2,37,watermelon,watermelon,488.8,480.521,170.521,1,,6.3,7.490529402,0.210358247,0.335341587,,0,0,,1,1,,,,
50019,category,foods,4,1,apple,apple,321.7,312.983,2.983,2,,2.983,10.46743679,0,0,,2,2,,2,2,,,,
50019,category,foods,4,2,banana,banana,322.4,313.683,3.683,0,,0.7,8.893435441,0.446216976,0.678280641,,0,0,,0,0,,,,
50019,category,foods,4,3,carrots,carrots,323.5,314.783,4.783,0,,1.1,8.750999691,0.154012205,0.425045138,,0,0,,1,0,,,,
50019,category,foods,4,4,orange,orange,324.5,315.783,5.783,0,,1,11.19445423,0.050949714,0.380119016,,1,1,,1,0,,,,
50019,category,foods,4,5,oatmeal,oatmeal,327.6,318.883,8.883,1,,3.1,8.351138607,0.055474342,0.41109007,,0,0,,0,0,,,,
50019,category,foods,4,6,cereal,cereal,328.6,319.883,9.883,0,,1,8.815073089,0.644388532,0.744274577,,0,0,,0,0,,,,
50019,category,foods,4,7,sugar,sugar,331,322.283,12.283,0,,2.4,10.77762207,0.421569637,0.643259304,,0,0,,1,0,,,,
50019,category,foods,4,8,peanut_butter,peanut_butter,331.8,323.083,13.083,0,,0.8,8.293299359,0.199272683,0.524093864,,1,0,,1,0,,,,
50019,category,foods,4,9,honey,honey,333.1,324.383,14.383,0,,1.3,11.17777436,0.204842389,0.459106836,,0,1,,0,0,,,,
50019,category,foods,4,10,pickle,pickle,335.4,326.683,16.683,0,,2.3,8.176953868,0.296360346,0.53565333,,0,0,,0,0,,,,
50019,category,foods,4,11,chips,chips,336.4,327.683,17.683,0,,1,9.99392223,0.158215071,0.470351009,,1,1,,0,0,,,,
50019,category,foods,4,12,crackers,crackers,338.6,329.883,19.883,0,,2.2,8.682538124,0.162663898,0.530014401,,0,0,,0,0,,,,
50019,category,foods,4,13,popcorn,popcorn,341,332.283,22.283,0,,2.4,8.814033202,0.268747544,0.578212205,,0,0,,0,0,,,,
50019,category,foods,4,14,corn,corn,344.9,336.183,26.183,1,,3.9,10.06539379,0.268839863,0.576743765,,0,0,,0,0,,,,
50019,category,foods,4,15,squash,squash,345.8,337.083,27.083,0,,0.9,8.592300664,0.343445009,0.570932929,,0,0,,0,0,,,,
50019,category,foods,4,16,zucchini,zucchini,346.9,338.183,28.183,0,,1.1,6.618738984,0.349469355,0.503546415,,0,0,,0,0,,,,
50019,category,foods,4,17,lima_beans,lima_beans,349.2,340.483,30.483,0,,2.3,5.433722004,0.318822188,0.420319389,,0,0,,0,0,,,,
50019,category,foods,4,18,blueberries,blueberries,350.7,341.983,31.983,0,,1.5,6.895682698,0.153491047,0.374511412,,1,1,,1,0,,,,
50019,category,foods,4,19,grapes,grapes,351.5,342.783,32.783,0,,0.8,8.938794081,0.32548498,0.577265535,,0,0,,0,0,,,,
50019,category,foods,4,20,cucumber,cucumber,354.2,345.483,35.483,0,,2.7,7.925880317,0.128574823,0.445692157,,1,1,,1,0,,,,
50019,category,foods,4,21,eggs,eggs,358.2,349.483,39.483,0,,4,10.74694949,0.161929044,0.453514879,,0,0,,0,0,,,,
50019,category,foods,4,22,tofu,tofu,359.3,350.583,40.583,0,,1.1,7.160845907,0.291304729,0.541956553,,0,0,,0,0,,,,
50019,category,foods,4,23,milk,milk,361.8,353.083,43.083,0,,2.5,11.02020168,0.171932854,0.475704432,,1,1,,0,0,,,,
50019,category,foods,4,24,cheese,cheese,362.9,354.183,44.183,0,,1.1,10.49971075,0.303758256,0.630646172,,0,0,,0,0,,,,
50019,category,foods,4,25,pumpkin,pumpkin,368.7,359.983,49.983,1,,5.8,8.760609848,0.16481952,0.437307089,,1,1,,0,0,,,,
50019,category,foods,4,26,kale,kale,373.9,365.183,55.183,1,,5.2,7.781973234,0.291042106,0.513117766,,0,0,,0,0,,,,
50019,category,foods,4,27,chard,chard,376.1,367.383,57.383,0,,2.2,6.853299093,0.308124474,0.452396914,,0,0,,0,0,,,,
50019,category,foods,4,28,spinach,spinach,377.5,368.783,58.783,0,,1.4,7.763446389,0.184614868,0.341663121,,1,1,,0,0,,,,
50019,category,foods,4,29,romaine,romaine,379.8,371.083,61.083,0,,2.3,6.269096284,0.348039589,0.355787702,,0,0,,0,0,,,,
50019,category,foods,4,30,celery,celery,383.4,374.683,64.683,1,,3.6,7.773594467,0.148760476,0.279633205,,0,1,,1,1,,,,
50019,category,foods,4,31,tomato,tomato,384.3,375.583,65.583,0,,0.9,8.966483779,0.116275479,0.398294492,,1,0,,1,0,,,,
50019,category,foods,4,32,salsa,salsa,386.3,377.583,67.583,0,,2,7.398786275,0.161887133,0.425392577,,0,0,,0,0,,,,
50019,category,foods,4,33,tortilla,tortilla,388.3,379.583,69.583,0,,2,6.864847778,0.748097464,0.68269213,,0,0,,0,0,,,,
50019,category,foods,4,34,beans,beans,392,383.283,73.283,0,,3.7,9.95056196,0.148682026,0.337206244,,1,1,,1,0,,,,
50019,category,foods,4,35,dill,dill,399.1,390.383,80.383,1,,7.1,7.880048201,0.201104412,0.440323059,,0,0,,0,0,,,,
50019,category,foods,4,36,peppers,peppers,400.8,392.083,82.083,1,,1.7,7.820439515,0.176303402,0.378391606,,0,1,,0,0,,,,
50019,category,foods,4,37,pizza,pizza,404.6,395.883,85.883,1,,3.8,9.951944328,0.112304089,0.423480148,,1,0,,0,0,,,,
50019,category,foods,4,38,spaghetti,spaghetti,405.2,396.483,86.483,0,,0.6,8.718500048,0.27649611,0.555698888,,0,0,,0,0,,,,
50019,category,foods,4,39,hot_sauce,hot_sauce,406.4,397.683,87.683,0,,1.2,6.259581464,0.234515905,0.443168193,,0,0,,0,0,,,,
50019,category,foods,4,40,stir_fry,stir_fry,409.6,400.883,90.883,0,,3.2,6.224558429,0.133607432,0.332948118,,1,1,,0,0,,,,
50019,category,foods,4,41,egg_roll,egg_roll,411,402.283,92.283,0,,1.4,5.393627546,0.275041036,0.383941222,,0,0,,0,0,,,,
50019,category,foods,4,42,sushi,sushi,413.4,404.683,94.683,0,,2.4,7.483806688,0.19936785,0.365135965,,1,1,,0,0,,,,
50019,category,foods,4,43,rice,rice,414.5,405.783,95.783,0,,1.1,10.03950336,0.24204067,0.466887758,,0,0,,0,0,,,,
50019,category,foods,4,44,seaweed,seaweed,416.4,407.683,97.683,1,,1.9,8.574707098,0.263423201,0.578879045,,0,0,,0,0,,,,
50019,category,foods,4,45,avocado,avocado,418.6,409.883,99.883,1,,2.2,7.089243155,0.283619277,0.523431111,,0,0,,0,0,,,,
50019,category,foods,4,46,guacamole,guacamole,419.7,410.983,100.983,0,,1.1,5.826000107,0.280337849,0.34721615,,0,1,,0,0,,,,
50019,category,foods,4,47,soup,soup,427.1,418.383,108.383,0,,7.4,10.50998693,0.259536909,0.447668314,,1,0,,0,0,,,,
50019,category,foods,4,48,pancakes,pancakes,430.1,421.383,111.383,1,,3,8.726318951,0.261446395,0.588303769,,0,0,,0,0,,,,
50019,category,foods,4,49,waffles,waffles,431,422.283,112.283,0,,0.9,7.340186835,0.794095186,0.813036873,,0,0,,0,0,,,,
50019,category,foods,4,50,syrup,syrup,432.2,423.483,113.483,0,,1.2,8.767484875,0.287977643,0.508922843,,0,0,,1,0,,,,
50019,category,foods,4,51,butter,butter,433.4,424.683,114.683,0,,1.2,10.18516413,0.126628421,0.494572326,,1,1,,1,0,,,,
50019,category,foods,4,52,broccoli,broccoli,436.1,427.383,117.383,1,,2.7,7.473637108,0.185262781,0.517046617,,0,0,,0,0,,,,
50019,category,foods,4,53,onions,onions,437.3,428.583,118.583,0,,1.2,9.124673545,0.511037814,0.671790006,,0,0,,0,0,,,,
50019,category,foods,4,54,cauliflower,cauliflower,438.1,429.383,119.383,0,,0.8,7.036148494,0.29938135,0.493259195,,0,0,,1,0,,,,
50019,category,foods,4,55,peas,peas,440.6,431.883,121.883,0,,2.5,8.895081532,0.155842556,0.411802344,,0,0,,1,0,,,,
50019,category,foods,4,56,radish,radish,443.5,434.783,124.783,0,,2.9,6.495265556,0.132433289,0.354421476,,1,1,,1,0,,,,
50019,category,foods,4,57,beets,beets,444.6,435.883,125.883,0,,1.1,7.072421901,0.21372701,0.400273587,,0,0,,0,0,,,,
50019,category,foods,4,58,sunflower_seeds,sunflower_seeds,447.2,438.483,128.483,0,,2.6,5.886104031,0.121113866,0.318940024,,1,1,,0,0,,,,
50019,category,foods,4,59,bread,bread,457.7,448.983,138.983,1,,10.5,11.3021427,0.178062679,0.396879051,,0,0,,0,0,,,,
50019,category,foods,4,60,cookie,cookie,462.1,453.383,143.383,1,,4.4,9.505916207,0.196098235,0.447859129,,0,0,,0,0,,,,
50019,category,foods,4,61,cake,cake,463,454.283,144.283,0,,0.9,10.67209001,0.304328819,0.590701249,,0,0,,0,0,,,,
50019,category,foods,4,62,ice_cream,ice_cream,463.6,454.883,144.883,0,,0.6,9.956696511,0.416605365,0.681596967,,0,0,,0,0,,,,
50019,category,foods,4,63,jello,jello,469.4,460.683,150.683,0,,5.8,5.837730447,0.209110626,0.422401657,,1,1,,1,0,,,,
50019,category,foods,4,64,chicken,chicken,473.1,464.383,154.383,1,,3.7,10.6803093,0.241456475,0.450889845,,0,0,,0,0,,,,
50019,category,foods,4,65,sour_cream,sour_cream,483.1,474.383,164.383,1,,10,6.828712072,0.184624823,0.442331334,,0,0,,0,0,,,,
50020,category,foods,2,1,macaroni,macaroni,321.3,313.766,3.766,2,,3.766,7.458762692,0,0,,2,2,,2,2,,,,
50020,category,foods,2,2,pasta,pasta,323.2,315.666,5.666,1,,1.9,8.745284482,0.512189551,0.67553545,,0,0,,0,0,,,,
50020,category,foods,2,3,chicken,chicken,324.8,317.266,7.266,1,,1.6,10.6803093,0.502029095,0.693437521,,0,0,,0,0,,,,
50020,category,foods,2,4,beef,beef,326.4,318.866,8.866,0,,1.6,9.854717388,0.485733217,0.689504674,,1,1,,0,0,,,,
50020,category,foods,2,5,pork,pork,328,320.466,10.466,0,,1.6,9.213634939,0.525138411,0.697735143,,0,0,,0,0,,,,
50020,category,foods,2,6,pizza,pizza,330.3,322.766,12.766,1,,2.3,9.951944328,0.157727735,0.46252069,,1,1,,1,1,,,,
50020,category,foods,2,7,bread,bread,331.9,324.366,14.366,1,,1.6,11.3021427,0.306800798,0.555085219,,0,0,,0,0,,,,
50020,category,foods,2,8,soup,soup,335.8,328.266,18.266,1,,3.9,10.50998693,0.233696879,0.545221717,,1,1,,0,0,,,,
50020,category,foods,2,9,corn,corn,341.1,333.566,23.566,1,,5.3,10.06539379,0.311455544,0.604062025,,0,0,,0,0,,,,
50020,category,foods,2,10,carrots,carrots,342.7,335.166,25.166,0,,1.6,8.750999691,0.255309915,0.514923641,,1,1,,0,0,,,,
50020,category,foods,2,11,green_beans,green_beans,344.5,336.966,26.966,0,,1.8,7.21964204,0.652504302,0.764435751,,0,0,,0,0,,,,
50020,category,foods,2,12,broccoli,broccoli,346.1,338.566,28.566,0,,1.6,7.473637108,0.595222887,0.683750941,,0,0,,0,0,,,,
50020,category,foods,2,13,potatoes,potatoes,349.8,342.266,32.266,0,,3.7,9.890655574,0.435972814,0.647602987,,0,0,,1,0,,,,
50020,category,foods,2,14,strawberries,strawberries,353.1,345.566,35.566,1,,3.3,8.50512061,0.216392477,0.568377542,,1,1,,1,1,,,,
50020,category,foods,2,15,blueberries,blueberries,354.4,346.866,36.866,0,,1.3,6.895682698,0.627964623,0.726932027,,0,0,,0,0,,,,
50020,category,foods,2,16,banana,banana,356.4,348.866,38.866,0,,2,8.893435441,0.24657935,0.468862224,,1,1,,1,0,,,,
50020,category,foods,2,17,apple,apple,358.2,350.666,40.666,0,,1.8,10.46743679,0.446216976,0.678280641,,0,0,,0,0,,,,
50020,category,foods,2,18,beans,beans,360.6,353.066,43.066,1,,2.4,9.95056196,0.116280341,0.438837836,,1,1,,1,1,,,,
50020,category,foods,2,19,grapes,grapes,363.3,355.766,45.766,1,,2.7,8.938794081,0.174246421,0.543491495,,0,0,,0,0,,,,
50020,category,foods,2,20,tomato,tomato,366.3,358.766,48.766,0,,3,8.966483779,0.181636285,0.459551444,,0,0,,0,0,,,,
50020,category,foods,2,21,lettuce,lettuce,369.4,361.866,51.866,0,,3.1,8.490438454,0.206479515,0.453717818,,0,1,,0,0,,,,
50020,category,foods,2,22,celery,celery,370.6,363.066,53.066,0,,1.2,7.773594467,0.327603266,0.585421658,,0,0,,0,0,,,,
50020,category,foods,2,23,sprouts,sprouts,379.2,371.666,61.666,0,,8.6,7.283448229,0.210741925,0.492586309,,0,0,,0,0,,,,
50020,category,foods,2,24,roll,roll,384.6,377.066,67.066,1,,5.4,11.27639268,0.100347057,0.393027043,,1,0,,0,0,,,,
50020,category,foods,2,25,bagel,bagel,387.7,380.166,70.166,0,,3.1,7.6989362,0.143999426,0.377906049,,0,1,,0,0,,,,
50020,category,foods,2,26,muffin,muffin,389.2,381.666,71.666,0,,1.5,8.420682291,0.551742103,0.706555708,,0,0,,0,0,,,,
50020,category,foods,2,27,ice_cream,ice_cream,394.2,386.666,76.666,1,,5,9.956696511,0.274575878,0.590907318,,1,1,,1,1,,,,
50020,category,foods,2,28,cake,cake,396.6,389.066,79.066,0,,2.4,10.67209001,0.416605365,0.681596967,,0,0,,0,0,,,,
50020,category,foods,2,29,brownie,brownie,399.4,391.866,81.866,0,,2.8,8.450198323,0.173241583,0.47789998,,1,1,,1,0,,,,
50020,category,foods,2,30,candy,candy,402.4,394.866,84.866,0,,3,10.20643994,0.177438601,0.500979038,,0,0,,0,0,,,,
50020,category,foods,2,31,peach,peach,407.3,399.766,89.766,1,,4.9,9.205227323,0.194374561,0.50408138,,0,0,,0,0,,,,
50020,category,foods,2,32,chicken_parmesan,chicken_parmesan,412.6,405.066,95.066,1,,5.3,4.204692619,0.067857776,0.170421911,,1,1,,0,0,,,,
50020,category,foods,2,33,sandwich,sandwich,415.3,407.766,97.766,1,,2.7,10.2592721,0.177999341,0.309318353,,0,0,,0,0,,,,
50020,category,foods,2,34,ham,ham,417.1,409.566,99.566,0,,1.8,9.941890624,0.395553777,0.632067594,,0,0,,0,0,,,,
50020,category,foods,2,35,turkey,turkey,420.4,412.866,102.866,0,,3.3,9.715892113,0.38887621,0.603160356,,0,0,,0,0,,,,
50020,category,foods,2,36,french_fries,french_fries,425.4,417.866,107.866,1,,5,7.486052618,0.261484435,0.520434958,,1,1,,0,0,,,,
50020,category,foods,2,37,steak,steak,436.4,428.866,118.866,1,,11,9.583970757,0.381686823,0.605884627,,0,0,,0,0,,,,
50020,category,foods,2,38,hot_dog,hot_dog,453.2,445.666,135.666,1,,16.8,7.832410927,0.258601767,0.534240341,,0,0,,0,0,,,,
50020,category,foods,2,39,chips,chips,455.4,447.866,137.866,0,,2.2,9.99392223,0.17328614,0.440190318,,1,1,,0,0,,,,
50020,category,foods,2,40,salad,salad,463,455.466,145.466,0,,7.6,9.964394487,0.212277842,0.55059252,,0,0,,0,0,,,,
50020,category,foods,2,41,ravioli,ravioli,467.2,459.666,149.666,1,,4.2,6.309918278,0.386638061,0.573173971,,0,0,,0,0,,,,
50020,category,foods,2,42,peas,peas,473.9,466.366,156.366,1,,6.7,8.895081532,0.203679239,0.41693408,,0,1,,1,1,,,,
50020,category,foods,2,43,bacon,bacon,476.3,468.766,158.766,1,,2.4,10.09786119,0.099614851,0.447648074,,1,0,,1,1,,,,
50020,category,foods,2,44,celery,celery,484.7,477.166,167.166,1,,8.4,7.773594467,0.100830148,0.468612295,,0,0,,0,0,,,,
50020,category,foods,2,45,fish,fish,488.1,480.566,170.566,1,,3.4,11.65383458,0.181031207,0.489213111,,0,0,,0,0,,,,
50020,category,foods,2,46,shrimp,shrimp,490.2,482.666,172.666,0,,2.1,8.653994233,0.372870329,0.638626772,,0,0,,0,0,,,,
50020,category,foods,2,47,casserole,casserole,496.3,488.766,178.766,1,,6.1,8.018625465,0.314251759,0.538887798,,0,0,,0,0,,,,
50022,category,foods,4,1,apple,apple,323.4,313.337,3.337,2,,3.337,10.46743679,0,0,,2,2,,2,2,,,,
50022,category,foods,4,2,orange,orange,324.7,314.637,4.637,0,,1.3,11.19445423,0.319844157,0.595290058,,0,0,,0,0,,,,
50022,category,foods,4,3,banana,banana,325.8,315.737,5.737,0,,1.1,8.893435441,0.207986991,0.513354933,,1,0,,0,0,,,,
50022,category,foods,4,4,oatmeal,oatmeal,328.3,318.237,8.237,1,,2.5,8.351138607,0.217329889,0.510457409,,0,0,,0,0,,,,
50022,category,foods,4,5,lemon,lemon,330,319.937,9.937,1,,1.7,9.585071321,0.190069045,0.499537179,,0,0,,0,0,,,,
50022,category,foods,4,6,spinach,spinach,332.4,322.337,12.337,1,,2.4,7.763446389,0.185897729,0.484913605,,1,1,,0,0,,,,
50022,category,foods,4,7,cucumber,cucumber,334.1,324.037,14.037,0,,1.7,7.925880317,0.281878353,0.493485698,,0,0,,0,0,,,,
50022,category,foods,4,8,zucchini,zucchini,335.5,325.437,15.437,0,,1.4,6.618738984,0.190802425,0.395898397,,1,1,,0,0,,,,
50022,category,foods,4,9,carrots,carrots,336.9,326.837,16.837,0,,1.4,8.750999691,0.395779629,0.582522923,,0,0,,0,0,,,,
50022,category,foods,4,10,onions,onions,338.3,328.237,18.237,0,,1.4,9.124673545,0.613950423,0.778374233,,0,0,,0,0,,,,
50022,category,foods,4,11,kale,kale,342.8,332.737,22.737,0,,4.5,7.781973234,0.1946935,0.469325419,,1,1,,1,0,,,,
50022,category,foods,4,12,lasagna,lasagna,346,335.937,25.937,1,,3.2,7.626082758,0.277556286,0.491447542,,0,0,,0,0,,,,
50022,category,foods,4,13,spaghetti,spaghetti,347.1,337.037,27.037,0,,1.1,8.718500048,0.426119063,0.604760417,,0,0,,0,0,,,,
50022,category,foods,4,14,pizza,pizza,348.6,338.537,28.537,0,,1.5,9.951944328,0.27649611,0.555698888,,0,0,,1,0,,,,
50022,category,foods,4,15,alfredo,alfredo_sauce,352.3,342.237,32.237,0,,3.7,3.526360525,0.006102143,0.173698762,,1,0,,1,0,,,,
50022,category,foods,4,16,fettuccine,fettuccine,359.5,349.437,39.437,0,,7.2,5.023880521,0.104847171,0.134292031,,0,1,,0,0,,,,
50022,category,foods,4,17,chips,chips,361.8,351.737,41.737,1,,2.3,9.99392223,0.091230392,0.220558122,,1,0,,0,0,,,,
50022,category,foods,4,18,hamburger,hamburger,365.1,355.037,45.037,1,,3.3,8.491259809,0.215818282,0.536098737,,0,0,,0,0,,,,
50022,category,foods,4,19,bread,bread,367.5,357.437,47.437,1,,2.4,11.3021427,0.299537393,0.578900134,,0,0,,0,0,,,,
50022,category,foods,4,20,taco,taco,370.1,360.037,50.037,1,,2.6,7.200424893,0.190393079,0.400132456,,1,1,,0,0,,,,
50022,category,foods,4,21,soup,soup,375,364.937,54.937,1,,4.9,10.50998693,0.265021459,0.501582377,,0,0,,0,0,,,,
50022,category,foods,4,22,potatoes,potatoes,378.3,368.237,58.237,1,,3.3,9.890655574,0.346608277,0.630316835,,0,0,,0,0,,,,
50022,category,foods,4,23,chicken,chicken,380.7,370.637,60.637,1,,2.4,10.6803093,0.392467306,0.621017695,,0,1,,0,0,,,,
50022,category,foods,4,24,beef,beef,382.5,372.437,62.437,0,,1.8,9.854717388,0.485733217,0.689504674,,0,0,,0,0,,,,
50022,category,foods,4,25,pork,pork,384.9,374.837,64.837,0,,2.4,9.213634939,0.525138411,0.697735143,,0,0,,0,0,,,,
50022,category,foods,4,26,veal,veal,387.9,377.837,67.837,0,,3,7.671826798,0.567225831,0.694111743,,0,0,,0,0,,,,
50022,category,foods,4,27,fish,fish,390,379.937,69.937,0,,2.1,11.65383458,0.276634776,0.525301481,,0,0,,1,0,,,,
50022,category,foods,4,28,french_fries,french_fries,393.6,383.537,73.537,1,,3.6,7.486052618,0.229527509,0.516937248,,1,0,,1,1,,,,
50022,category,foods,4,29,barbecue,barbecue,401.2,391.137,81.137,1,,7.6,8.785080637,0.26351812,0.468506672,,0,1,,0,0,,,,
50022,category,foods,4,30,rice,rice,405,394.937,84.937,1,,3.8,10.03950336,0.266432571,0.530576182,,0,0,,0,0,,,,
50022,category,foods,4,31,noodles,noodles,408.1,398.037,88.037,1,,3.1,8.169336396,0.560147301,0.733249879,,0,0,,0,0,,,,
50022,category,foods,4,32,beets,beets,422.7,412.637,102.637,1,,14.6,7.072421901,0.146241722,0.451850653,,0,0,,1,1,,,,
50022,category,foods,4,33,macaroni,macaroni,424.6,414.537,104.537,1,,1.9,7.458762692,0.133200252,0.397466157,,1,1,,1,1,,,,
50022,category,foods,4,34,filet_mignon,filet_mignon,431.5,421.437,111.437,1,,6.9,5.926926026,0.25760293,0.413941541,,0,0,,0,0,,,,
50022,category,foods,4,35,ice_cream,ice_cream,438.5,428.437,118.437,1,,7,9.956696511,0.26397938,0.447221671,,0,0,,0,0,,,,
50022,category,foods,4,36,chocolate,chocolate,443.2,433.137,123.137,1,,4.7,10.67106944,0.365845358,0.635526847,,0,0,,0,0,,,,
50022,category,foods,4,37,cookie,cookie,448.4,438.337,128.337,0,,5.2,9.505916207,0.205044452,0.535181871,,1,1,,1,0,,,,
50022,category,foods,4,38,cake,cake,450.1,440.037,130.037,0,,1.7,10.67209001,0.304328819,0.590701249,,0,0,,0,0,,,,
50022,category,foods,4,39,pudding,pudding,457.6,447.537,137.537,0,,7.5,9.209840247,0.343691168,0.636087313,,0,0,,0,0,,,,
50022,category,foods,4,40,granola_bar,granola_bar,461.7,451.637,141.637,1,,4.1,5.96100534,0.161602578,0.422460687,,1,1,,1,1,,,,
50022,category,foods,4,41,crackers,crackers,469.8,459.737,149.737,1,,8.1,8.682538124,0.241022661,0.467362859,,0,0,,0,0,,,,
50022,category,foods,4,42,salad,salad,475.8,465.737,155.737,1,,6,9.964394487,0.224805953,0.563477247,,1,0,,0,0,,,,
50022,category,foods,4,43,lettuce,lettuce,478.1,468.037,158.037,0,,2.3,8.490438454,0.332603302,0.608383064,,0,0,,0,0,,,,
50022,category,foods,4,44,cheese,cheese,479.7,469.637,159.637,0,,1.6,10.49971075,0.240055224,0.585165438,,0,0,,0,0,,,,
50022,category,foods,4,45,okra,okra,485.2,475.137,165.137,1,,5.5,6.91968385,0.166682564,0.455766364,,1,1,,0,0,,,,
50022,category,foods,4,46,sweet_potatoes,sweet_potatoes,488,477.937,167.937,1,,2.8,6.629363253,0.428322667,0.52241219,,0,0,,0,0,,,,
50022,category,foods,4,47,casserole,casserole,491.6,481.537,171.537,1,,3.6,8.018625465,0.232843085,0.394590119,,0,0,,1,1,,,,
50022,category,foods,4,48,popsicle,popsicle,499.3,489.237,179.237,1,,7.7,6.817830571,0.027116863,0.326926374,,0,0,,1,1,,,,
50023,category,foods,3,1,cherry_pie,cherry_pie,29,23.067,3.067,2,,3.067,6.270988432,0,0,,2,2,,2,2,,,,
50023,category,foods,3,2,ice_cream,ice_cream,31.7,25.767,5.767,0,,2.7,9.956696511,0.245379799,0.486056577,,0,0,,0,0,,,,
50023,category,foods,3,3,brownie,brownie,34,28.067,8.067,0,,2.3,8.450198323,0.210227424,0.511902919,,0,0,,0,0,,,,
50023,category,foods,3,4,pizza,pizza,36.2,30.267,10.267,0,,2.2,9.951944328,0.181290064,0.495684918,,1,1,,0,0,,,,
50023,category,foods,3,5,spaghetti,spaghetti,38.4,32.467,12.467,1,,2.2,8.718500048,0.27649611,0.555698888,,0,0,,0,0,,,,
50023,category,foods,3,6,asparagus,asparagus,41.6,35.667,15.667,0,,3.2,7.696667082,0.333447467,0.555144394,,0,1,,0,0,,,,
50023,category,foods,3,7,rice,rice,45.1,39.167,19.167,0,,3.5,10.03950336,0.401983006,0.633358156,,0,0,,0,0,,,,
50023,category,foods,3,8,grilled_chicken,grilled_chicken,47.8,41.867,21.867,0,,2.7,5.81711116,0.195868122,0.450101365,,1,1,,1,0,,,,
50023,category,foods,3,9,broccoli,broccoli,51.7,45.767,25.767,1,,3.9,7.473637108,0.337145804,0.502460054,,0,0,,0,0,,,,
50023,category,foods,3,10,carrots,carrots,54.3,48.367,28.367,0,,2.6,8.750999691,0.498447799,0.653434205,,0,0,,0,0,,,,
50023,category,foods,3,11,cauliflower,cauliflower,57,51.067,31.067,0,,2.7,7.036148494,0.260020251,0.46367148,,0,0,,1,0,,,,
50023,category,foods,3,12,tortilla,tortilla,60.1,54.167,34.167,1,,3.1,6.864847778,0.104267023,0.294489913,,0,0,,1,1,,,,
50023,category,foods,3,13,ground_beef,ground_beef,63,57.067,37.067,0,,2.9,5.929589143,0.060602953,0.211825934,,1,1,,1,0,,,,
50023,category,foods,3,14,tomato,tomato,66,60.067,40.067,0,,3,8.966483779,0.17272945,0.355474709,,0,0,,0,0,,,,
50023,category,foods,3,15,fettuccine_alfredo,fettuccine_alfredo,69.6,63.667,43.667,1,,3.6,3.988984047,0.182429209,0.178162747,,0,1,,0,0,,,,
50023,category,foods,3,16,peanut_butter,peanut_butter,73.2,67.267,47.267,1,,3.6,8.293299359,0.122628949,0.213093686,,1,0,,0,0,,,,
50023,category,foods,3,17,beans,beans,77.1,71.167,51.167,1,,3.9,9.95056196,0.183186026,0.500118057,,0,0,,0,0,,,,
50023,category,foods,3,18,grilled_peppers,grilled_peppers,82.8,76.867,56.867,0,,5.7,1.609437912,0.040569338,0.059835891,,1,0,,0,0,,,,
50023,category,foods,3,19,fried_chicken,fried_chicken,91.2,85.267,65.267,0,,8.4,7.793586803,0.042886173,0.038058068,,0,1,,0,0,,,,
50023,category,foods,3,20,sesame_chicken,sesame_chicken,95,89.067,69.067,0,,3.8,3.496507561,0.090266151,0.214795361,,0,0,,0,0,,,,
50023,category,foods,3,21,fried_fish,fried_fish,103.1,97.167,77.167,0,,8.1,6.139884552,0.062976298,0.174065706,,1,1,,0,0,,,,
50023,category,foods,3,22,steak,steak,109.2,103.267,83.267,0,,6.1,9.583970757,0.363298391,0.554843679,,0,0,,0,0,,,,
50023,category,foods,3,23,mashed_potatoes,mashed_potatoes,111.5,105.567,85.567,0,,2.3,7.851271997,0.261449065,0.535634357,,1,1,,0,0,,,,
50023,category,foods,3,24,green_beans,green_beans,114.2,108.267,88.267,0,,2.7,7.21964204,0.453621536,0.642672991,,0,0,,0,0,,,,
50023,category,foods,3,25,creme_brulee,creme_brulee,117,111.067,91.067,1,,2.8,3.555348061,0.109147245,0.199567286,,0,0,,1,1,,,,
50023,category,foods,3,26,pretzels,pretzels,120.2,114.267,94.267,1,,3.2,7.126890809,0.068816436,0.196784483,,1,1,,1,1,,,,
50023,category,foods,3,27,applesauce,applesauce,123.1,117.167,97.167,1,,2.9,6.489204931,0.190698139,0.452861117,,0,0,,0,0,,,,
50023,category,foods,3,28,cereal,cereal,125.8,119.867,99.867,0,,2.7,8.815073089,0.347889011,0.511166921,,0,0,,0,0,,,,
50023,category,foods,3,29,oatmeal,oatmeal,128.7,122.767,102.767,0,,2.9,8.351138607,0.644388532,0.744274577,,0,0,,0,0,,,,
50023,category,foods,3,30,macaroni_and_cheese,macaroni_and_cheese,132.2,126.267,106.267,1,,3.5,6.668228248,0.380920272,0.567849265,,0,0,,1,1,,,,
50023,category,foods,3,31,pork,pork,136.9,130.967,110.967,1,,4.7,9.213634939,0.231522343,0.435864613,,0,1,,1,1,,,,
50023,category,foods,3,32,watermelon,watermelon,139.9,133.967,113.967,1,,3,7.490529402,0.187596612,0.442839419,,0,0,,1,1,,,,
50023,category,foods,3,33,grilled_cheese,grilled_cheese,148.8,142.867,122.867,1,,8.9,6.598509029,0.092896696,0.220235868,,0,0,,1,1,,,,
50023,category,foods,3,34,chips,chips,151.8,145.867,125.867,0,,3,9.99392223,0.017619826,0.200354242,,1,1,,1,0,,,,
50023,category,foods,3,35,fruit_salad,fruit_salad,156.7,150.767,130.767,0,,4.9,6.690842277,0.176641766,0.469305642,,0,0,,0,0,,,,
50023,category,foods,3,36,cookie,cookie,160,154.067,134.067,1,,3.3,9.505916207,0.272324695,0.51458078,,0,0,,0,0,,,,
50023,category,foods,3,37,pancakes,pancakes,169.1,163.167,143.167,0,,9.1,8.726318951,0.197751729,0.510385034,,1,1,,0,0,,,,
50023,category,foods,3,38,french_toast,french_toast,171.8,165.867,145.867,0,,2.7,6.791221463,0.787264503,0.795318525,,0,0,,0,0,,,,
50023,category,foods,3,39,mushrooms,mushrooms,179.7,173.767,153.767,1,,7.9,8.952605376,0.327073078,0.506863952,,1,1,,1,1,,,,
50023,category,foods,3,40,anchovies,anchovies,182.3,176.367,156.367,0,,2.6,6.56526497,0.410399996,0.552161831,,0,0,,0,0,,,,
50023,category,foods,3,41,popcorn,popcorn,187.6,181.667,161.667,1,,5.3,8.814033202,0.155148715,0.440918675,,1,0,,1,1,,,,
50023,category,foods,3,42,breadsticks,breadsticks,192.4,186.467,166.467,0,,4.8,5.278114659,0.264159086,0.422063538,,0,0,,0,0,,,,
50023,category,foods,3,43,corn,corn,198.9,192.967,172.967,0,,6.5,10.06539379,0.23372232,0.375452463,,1,1,,0,0,,,,
50023,category,foods,3,44,onions,onions,201.7,195.767,175.767,1,,2.8,9.124673545,0.294202666,0.555628499,,0,0,,0,0,,,,
50023,category,foods,3,45,meatballs,meatballs,204.8,198.867,178.867,0,,3.1,6.994849986,0.078675529,0.406218861,,0,0,,1,0,,,,
50024,category,foods,2,1,apple,apple,320.4,313.254,3.254,2,,3.254,10.46743679,0,0,,2,2,,2,2,,,,
50024,category,foods,2,2,orange,orange,321.4,314.254,4.254,0,,1,11.19445423,0.319844157,0.595290058,,0,0,,0,0,,,,
50024,category,foods,2,3,grapes,grapes,322.5,315.354,5.354,0,,1.1,8.938794081,0.205227924,0.521722158,,1,0,,0,0,,,,
50024,category,foods,2,4,watermelon,watermelon,323.5,316.354,6.354,0,,1,7.490529402,0.239349101,0.511157922,,0,0,,0,0,,,,
50024,category,foods,2,5,tomato,tomato,324.5,317.354,7.354,0,,1,8.966483779,0.251710871,0.474370772,,0,0,,0,0,,,,
50024,category,foods,2,6,mango,mango,325.9,318.754,8.754,0,,1.4,7.708859601,0.204300374,0.451541806,,0,0,,0,0,,,,
50024,category,foods,2,7,carrots,carrots,327.5,320.354,10.354,0,,1.6,8.750999691,0.069970832,0.353968257,,1,1,,0,0,,,,
50024,category,foods,2,8,steak,steak,330.2,323.054,13.054,1,,2.7,9.583970757,0.298267569,0.570259869,,0,0,,0,0,,,,
50024,category,foods,2,9,hamburger,hamburger,331.5,324.354,14.354,0,,1.3,8.491259809,0.477322313,0.68904918,,0,0,,0,0,,,,
50024,category,foods,2,10,ribs,ribs,333.5,326.354,16.354,0,,2,10.70991877,0.128182259,0.499209125,,0,0,,1,0,,,,
50024,category,foods,2,11,pizza,pizza,335.4,328.254,18.254,1,,1.9,9.951944328,0.09494114,0.417050234,,1,1,,1,1,,,,
50024,category,foods,2,12,pork,pork,337.2,330.054,20.054,0,,1.8,9.213634939,0.157727735,0.46252069,,0,0,,0,0,,,,
50024,category,foods,2,13,ham,ham,338.4,331.254,21.254,0,,1.2,9.941890624,0.332432975,0.573662702,,0,0,,0,0,,,,
50024,category,foods,2,14,bacon,bacon,340.9,333.754,23.754,0,,2.5,10.09786119,0.641833167,0.79404077,,0,0,,0,0,,,,
50024,category,foods,2,15,prosciutto,prosciutto,343.5,336.354,26.354,0,,2.6,5.805134969,0.208660091,0.408384095,,1,0,,1,0,,,,
50024,category,foods,2,16,chicken,chicken,348.2,341.054,31.054,1,,4.7,10.6803093,0.218031286,0.391723465,,0,1,,0,0,,,,
50024,category,foods,2,17,eggs,eggs,351.7,344.554,34.554,0,,3.5,10.74694949,0.258011806,0.568420599,,0,0,,0,0,,,,
50024,category,foods,2,18,duck,duck,353.7,346.554,36.554,0,,2,10.19928659,0.149602462,0.471644618,,0,0,,0,0,,,,
50024,category,foods,2,19,cherries,cherries,356.8,349.654,39.654,1,,3.1,8.038512021,0.148090261,0.431614455,,1,1,,0,0,,,,
50024,category,foods,2,20,pasta,pasta,360,352.854,42.854,1,,3.2,8.745284482,0.236648211,0.540427873,,0,0,,0,0,,,,
50024,category,foods,2,21,rice,rice,361.8,354.654,44.654,1,,1.8,10.03950336,0.447160119,0.654855144,,0,0,,0,0,,,,
50024,category,foods,2,22,curry,curry,364.5,357.354,47.354,0,,2.7,8.612503371,0.249862944,0.51064431,,0,0,,1,0,,,,
50024,category,foods,2,23,sushi,sushi,369.1,361.954,51.954,0,,4.6,7.483806688,0.169205532,0.402941907,,1,1,,1,0,,,,
50024,category,foods,2,24,salmon,salmon,370.8,363.654,53.654,1,,1.7,9.221873608,0.188899617,0.443095335,,0,0,,0,0,,,,
50024,category,foods,2,25,tilapia,tilapia,372.4,365.254,55.254,0,,1.6,4.110873864,0.159091583,0.221564159,,0,0,,0,0,,,,
50024,category,foods,2,26,artichoke,artichoke,379.2,372.054,62.054,1,,6.8,6.386879319,0.039802998,0.083657582,,0,0,,0,0,,,,
50024,category,foods,2,27,rutabaga,rutabaga,383.2,376.054,66.054,1,,4,4.787491743,0.032112365,0.078710872,,1,1,,0,0,,,,
50024,category,foods,2,28,plantains,plantains,386.8,379.654,69.654,1,,3.6,5.641907071,0.074091001,0.156467529,,0,0,,0,0,,,,
50024,category,foods,2,29,eggplant,eggplant,389.1,381.954,71.954,1,,2.3,7.655390645,0.123402835,0.283547349,,0,0,,0,0,,,,
50024,category,foods,2,30,parmesan,parmesan,393.8,386.654,76.654,1,,4.7,6.758094504,0.120731877,0.286813788,,0,0,,0,0,,,,
50024,category,foods,2,31,monterey,monterey,396.6,389.454,79.454,0,,2.8,7.479299638,0.061844991,0.222127822,,1,1,,0,0,,,,
50024,category,foods,2,32,cheddar,cheddar,398.7,391.554,81.554,0,,2.1,7.099201744,0.109416996,0.284497855,,0,0,,0,0,,,,
50024,category,foods,2,33,cheese,cheese,403,395.854,85.854,0,,4.3,10.49971075,0.191011841,0.443668108,,0,0,,0,0,,,,
50024,category,foods,2,34,goat_cheese,goat_cheese,408.8,401.654,91.654,0,,5.8,6.282266747,0.624032974,0.698261299,,0,0,,0,0,,,,
50024,category,foods,2,35,crackers,crackers,414.5,407.354,97.354,1,,5.7,8.682538124,0.161942479,0.463940204,,1,1,,1,1,,,,
50024,category,foods,2,36,nut_thins,crackers,416,408.854,98.854,0,,1.5,8.682538124,1,1,,0,0,,0,0,,,,
50024,category,foods,2,37,wheat_thins,wheat_thins,419,411.854,101.854,0,,3,2.833213344,0.253309431,0.213865064,,0,0,,1,0,,,,
50024,category,foods,2,38,goldfish,goldfish,421,413.854,103.854,0,,2,7.859413155,0.0001,0.047985351,,1,1,,1,0,,,,
50024,category,foods,2,39,fruit_by_the_foot,fruit_snacks,423.9,416.754,106.754,1,,2.9,2.833213344,0.032033175,0.136998285,,0,0,,0,0,,,,
50024,category,foods,2,40,mac_and_cheese,mac_and_cheese,426,418.854,108.854,1,,2.1,5.703782475,0.052282061,0.100849757,,0,0,,0,0,,,,
50024,category,foods,2,41,bibimbap,bibimbap,429.7,422.554,112.554,1,,3.7,1.791759469,0.172185086,0.094013985,,0,0,,0,0,,,,
50024,category,foods,2,42,stir_fry,stir_fry,433.5,426.354,116.354,0,,3.8,6.224558429,0.093979532,0.034843298,,1,1,,0,0,,,,
50024,category,foods,2,43,bell_peppers,bell_peppers,437,429.854,119.854,1,,3.5,5.111987788,0.094638316,0.196059442,,0,0,,0,0,,,,
50024,category,foods,2,44,jalapeno,jalapeno,438.5,431.354,121.354,0,,1.5,4.859812404,0.27165165,0.205949229,,0,0,,0,0,,,,
50024,category,foods,2,45,limburger,limburger,443.6,436.454,126.454,1,,5.1,4.905274778,0.256973067,0.218474266,,0,0,,0,0,,,,
50024,category,foods,2,46,pad_thai,pad_thai,450.5,443.354,133.354,1,,6.9,4.605170186,0.034716876,0.072525162,,1,1,,1,1,,,,
50024,category,foods,2,47,hot_sauce,hot_sauce,455.2,448.054,138.054,1,,4.7,6.259581464,0.079627359,0.159173768,,0,0,,0,0,,,,
50024,category,foods,2,48,teriyaki_sauce,teriyaki_sauce,457.5,450.354,140.354,0,,2.3,2.772588722,0.038198604,0.12113739,,1,0,,0,0,,,,
50024,category,foods,2,49,duck_sauce,duck_sauce,459.1,451.954,141.954,0,,1.6,3.295836866,0.053721036,0.101184547,,0,1,,0,0,,,,
50024,category,foods,2,50,soy_sauce,soy_sauce,464.4,457.254,147.254,0,,5.3,6.318968114,0.137751013,0.16628246,,0,0,,0,0,,,,
50024,category,foods,2,51,strawberry_jelly,strawberry_jelly,467.4,460.254,150.254,1,,3,3.912023005,0.065367621,0.12010531,,0,0,,0,0,,,,
50024,category,foods,2,52,blueberry_jelly,blueberry_jelly,469.1,461.954,151.954,0,,1.7,1.098612289,0.0001,0.012463163,,0,0,,0,0,,,,
50024,category,foods,2,53,marmalade,marmalade,473.3,466.154,156.154,0,,4.2,7.793586803,0.0001,0.0001,,0,1,,0,0,,,,
50024,category,foods,2,54,syrup,syrup,475.5,468.354,158.354,1,,2.2,8.767484875,0.081590852,0.45241877,,0,0,,0,0,,,,
50024,category,foods,2,55,sugar_free_syrup,lite_syrup,476.7,469.554,159.554,0,,1.2,0.693147181,0.048320742,0.096789102,,0,1,,0,0,,,,
50024,category,foods,2,56,pancakes,pancakes,479.2,472.054,162.054,1,,2.5,8.726318951,0.026377053,0.111218382,,1,0,,0,0,,,,
50024,category,foods,2,57,waffles,waffles,480.6,473.454,163.454,0,,1.4,7.340186835,0.794095186,0.813036873,,0,0,,0,0,,,,
50024,category,foods,2,58,chicken_and_waffles,chicken_and_waffles,484.4,477.254,167.254,0,,3.8,3.465735903,0.133855801,0.185373812,,0,0,,1,0,,,,
50024,category,foods,2,59,cereal,cereal,490.6,483.454,173.454,1,,6.2,8.815073089,0.05429593,0.182654145,,1,1,,1,1,,,,
50024,category,foods,2,60,omelette,omelette,493.1,485.954,175.954,1,,2.5,7.431891917,0.184846117,0.490074337,,0,0,,0,0,,,,
50025,category,foods,1,1,apple,apple,31.2,22.333,2.333,2,,2.333,10.46743679,0,0,,2,2,,2,2,,,,
50025,category,foods,1,2,orange,orange,31.7,22.833,2.833,0,,0.5,11.19445423,0.319844157,0.595290058,,0,0,,0,0,,,,
50025,category,foods,1,3,banana,banana,32.4,23.533,3.533,0,,0.7,8.893435441,0.207986991,0.513354933,,1,1,,0,0,,,,
50025,category,foods,1,4,lettuce,lettuce,33.3,24.433,4.433,1,,0.9,8.490438454,0.322213662,0.560668623,,0,0,,0,0,,,,
50025,category,foods,1,5,lime,lime,34.1,25.233,5.233,1,,0.8,9.185022564,0.232716136,0.451041566,,0,0,,0,0,,,,
50025,category,foods,1,6,broccoli,broccoli,35,26.133,6.133,1,,0.9,7.473637108,0.173065701,0.410260599,,1,1,,0,0,,,,
50025,category,foods,1,7,avocado,avocado,35.9,27.033,7.033,1,,0.9,7.089243155,0.371199889,0.529773334,,0,0,,0,0,,,,
50025,category,foods,1,8,onions,onions,37.4,28.533,8.533,0,,1.5,9.124673545,0.251438308,0.488781601,,1,1,,0,0,,,,
50025,category,foods,1,9,cilantro,cilantro,38,29.133,9.133,0,,0.6,6.388561406,0.305970684,0.51924972,,0,0,,0,0,,,,
50025,category,foods,1,10,pozole,pozole,41.7,32.833,12.833,1,,3.7,2.564949357,0.001059471,0.08494806,,1,0,,1,1,,,,
50025,category,foods,1,11,olem,olem,42.9,34.033,14.033,1,,1.2,1.609437912,0.00641745,0.0001,,0,1,,0,0,,,,
50025,category,foods,1,12,bread,bread,44.2,35.333,15.333,1,,1.3,11.3021427,0.026430918,0.018149971,,0,0,,0,0,,,,
50025,category,foods,1,13,oatmeal,oatmeal,45.3,36.433,16.433,1,,1.1,8.351138607,0.244159174,0.511243061,,0,0,,0,0,,,,
50025,category,foods,1,14,pancakes,pancakes,48.4,39.533,19.533,0,,3.1,8.726318951,0.305232381,0.574405856,,0,0,,0,0,,,,
50025,category,foods,1,15,french_toast,french_toast,49.4,40.533,20.533,0,,1,6.791221463,0.787264503,0.795318525,,0,0,,0,0,,,,
50025,category,foods,1,16,soup,soup,51.3,42.433,22.433,1,,1.9,10.50998693,0.215653122,0.499556889,,1,1,,1,1,,,,
50025,category,foods,1,17,pot_roast,pot_roast,53.4,44.533,24.533,1,,2.1,6.81563999,0.307313451,0.510147065,,0,0,,0,0,,,,
50025,category,foods,1,18,chicken,chicken,55.1,46.233,26.233,0,,1.7,10.6803093,0.376005282,0.568142972,,0,0,,0,0,,,,
50025,category,foods,1,19,pork_chops,pork_chops,56.8,47.933,27.933,0,,1.7,6.800170068,0.37360509,0.54534684,,1,1,,0,0,,,,
50025,category,foods,1,20,roast_beef,roast_beef,58.2,49.333,29.333,0,,1.4,7.944492164,0.434879571,0.566276202,,0,0,,0,0,,,,
50025,category,foods,1,21,avocado,avocado,59.7,50.833,30.833,1,,1.5,7.089243155,0.281572766,0.465532773,,0,0,,1,1,,,,
50025,category,foods,1,22,guacamole,guacamole,61.8,52.933,32.933,0,,2.1,5.826000107,0.280337849,0.34721615,,0,1,,1,0,,,,
50025,category,foods,1,23,cheese,cheese,66.3,57.433,37.433,1,,4.5,10.49971075,0.103232381,0.352328309,,1,0,,1,1,,,,
50025,category,foods,1,24,string_cheese,string_cheese,67.2,58.333,38.333,0,,0.9,3.891820298,0.235745507,0.257939853,,0,0,,0,0,,,,
50025,category,foods,1,25,crackers,crackers,69.3,60.433,40.433,1,,2.1,8.682538124,0.152957574,0.212834932,,1,1,,0,0,,,,
50025,category,foods,1,26,ice_cream,ice_cream,71.8,62.933,42.933,1,,2.5,9.956696511,0.208750441,0.510002528,,0,0,,0,0,,,,
50025,category,foods,1,27,fruit_cup,fruit_cup,74.2,65.333,45.333,1,,2.4,4.8978398,0.186333689,0.316321023,,1,1,,0,0,,,,
50025,category,foods,1,28,yogurt,yogurt,75.5,66.633,46.633,1,,1.3,7.711101252,0.224078848,0.338188026,,0,0,,0,0,,,,
50025,category,foods,1,29,cake,cake,78.7,69.833,49.833,1,,3.2,10.67209001,0.281313105,0.58378851,,0,0,,0,0,,,,
50025,category,foods,1,30,brownie,brownie,79.6,70.733,50.733,0,,0.9,8.450198323,0.173241583,0.47789998,,0,0,,0,0,,,,
50025,category,foods,1,31,pop_tart,pop_tart,81.9,73.033,53.033,1,,2.3,5.241747015,0.140415954,0.293717279,,0,0,,0,0,,,,
50025,category,foods,1,32,tamale,tamale,87.7,78.833,58.833,1,,5.8,5.472270674,0.114360749,0.228521501,,0,0,,0,0,,,,
50025,category,foods,1,33,torta,torta,89.4,80.533,60.533,0,,1.7,3.988984047,0.010512139,0.066602255,,1,1,,0,0,,,,
50025,category,foods,1,34,taco,taco,90.6,81.733,61.733,0,,1.2,7.200424893,0.097816677,0.147565908,,0,0,,0,0,,,,
50025,category,foods,1,35,rice,rice,91.9,83.033,63.033,0,,1.3,10.03950336,0.262570654,0.48720765,,0,0,,0,0,,,,
50025,category,foods,1,36,beans,beans,93.2,84.333,64.333,0,,1.3,9.95056196,0.362679277,0.641313526,,0,0,,0,0,,,,
50025,category,foods,1,37,gordita,gordita,95.3,86.433,66.433,0,,2.1,3.433987204,0.038127775,0.039577958,,0,1,,1,0,,,,
50025,category,foods,1,38,watermelon,watermelon,98.5,89.633,69.633,1,,3.2,7.490529402,0.025118842,0.070545751,,1,0,,1,1,,,,
50025,category,foods,1,39,cantaloupe,cantaloupe,99.7,90.833,70.833,0,,1.2,6.244166901,0.629523735,0.671755837,,0,0,,0,0,,,,
50025,category,foods,1,40,lemon,lemon,101.6,92.733,72.733,0,,1.9,9.585071321,0.225797121,0.471331803,,0,1,,1,0,,,,
50025,category,foods,1,41,eggs,eggs,107.2,98.333,78.333,1,,5.6,10.74694949,0.133346829,0.481073598,,0,0,,1,1,,,,
50025,category,foods,1,42,grains,grains,112,103.133,83.133,1,,4.8,8.713910628,0.094478993,0.206730729,,0,0,,1,1,,,,
50025,category,foods,1,43,corn_on_the_cob,corn_on_the_cob,113.7,104.833,84.833,1,,1.7,5.891644212,0.071573132,0.142771818,,0,1,,1,1,,,,
50025,category,foods,1,44,candy,candy,116.1,107.233,87.233,1,,2.4,10.20643994,0.071449579,0.29900226,,1,0,,1,1,,,,
50025,category,foods,1,45,chocolate,chocolate,118.8,109.933,89.933,0,,2.7,10.67106944,0.308187701,0.597112244,,0,0,,0,0,,,,
50025,category,foods,1,46,reeses_cups,reeses_peanut_butter_cups,122.1,113.233,93.233,0,,3.3,2.995732274,0.113284897,0.200651697,,1,0,,1,0,,,,
50025,category,foods,1,47,granola_bar,granola_bar,124.4,115.533,95.533,1,,2.3,5.96100534,0.172167365,0.176577909,,0,1,,0,0,,,,
50025,category,foods,1,48,chips,chips,127.1,118.233,98.233,1,,2.7,9.99392223,0.169393493,0.400849338,,0,0,,0,0,,,,
50025,category,foods,1,49,biscuits_and_gravy,biscuits_and_gravy,131.9,123.033,103.033,1,,4.8,5.214935758,0.127077113,0.364102227,,1,1,,0,0,,,,
50025,category,foods,1,50,chili,chili,134.7,125.833,105.833,1,,2.8,8.471358655,0.219018631,0.38733405,,0,0,,0,0,,,,
50025,category,foods,1,51,lasagna,lasagna,135.9,127.033,107.033,1,,1.2,7.626082758,0.330137878,0.554948902,,0,0,,0,0,,,,
50025,category,foods,1,52,fettuccine_alfredo,fettuccine_alfredo,137.6,128.733,108.733,0,,1.7,3.988984047,0.318060203,0.332898588,,0,0,,0,0,,,,
50025,category,foods,1,53,banana_bread,banana_bread,144.6,135.733,115.733,1,,7,5.541263545,0.127508799,0.153747009,,1,1,,1,1,,,,
50025,category,foods,1,54,zucchini_bread,zucchini_bread,146.4,137.533,117.533,0,,1.8,3.951243719,0.33750162,0.351171156,,0,0,,0,0,,,,
50025,category,foods,1,55,yumasetti,beef_casserole,151.2,142.333,122.333,1,,4.8,3.737669618,0.092422822,0.072849473,,0,0,,1,1,,,,
50025,category,foods,1,56,menudo,menudo,156.7,147.833,127.833,1,,5.5,4.941642423,0.033388061,0.061281714,,1,1,,1,1,,,,
50025,category,foods,1,57,rice_cake,rice_cake,161.4,152.533,132.533,1,,4.7,4.543294782,0.124005896,0.223383911,,0,0,,0,0,,,,
50025,category,foods,1,58,pinto_beans,pinto_beans,165.4,156.533,136.533,1,,4,4.983606622,0.097062007,0.188381238,,1,1,,0,0,,,,
50025,category,foods,1,59,black_beans,black_beans,166.6,157.733,137.733,0,,1.2,5.493061443,0.351243724,0.346287139,,0,0,,0,0,,,,
50025,category,foods,1,60,energy_bites,energy_bar,174.3,165.433,145.433,1,,7.7,5.257495372,0.009567302,0.219687755,,1,1,,1,1,,,,
50025,category,foods,1,61,lettuce,lettuce,188.1,179.233,159.233,1,,13.8,8.490438454,0.116605426,0.379986094,,0,0,,0,0,,,,
50025,category,foods,1,62,basil,basil,190.8,181.933,161.933,0,,2.7,9.273878393,0.264037581,0.517256653,,0,0,,0,0,,,,
50025,category,foods,1,63,green_beans,green_beans,194.1,185.233,165.233,0,,3.3,7.21964204,0.177040888,0.453979238,,1,1,,0,0,,,,
50025,category,foods,1,64,peas,peas,195.3,186.433,166.433,0,,1.2,8.895081532,0.46631151,0.62517542,,0,0,,0,0,,,,
50025,category,foods,1,65,anchovies,anchovies,200.2,191.333,171.333,1,,4.9,6.56526497,0.161347834,0.414079905,,1,0,,1,1,,,,
50025,category,foods,1,66,tuna,tuna,203.2,194.333,174.333,0,,3,8.297543529,0.208804258,0.395713652,,0,1,,0,0,,,,
50025,category,foods,1,67,salmon,salmon,205.9,197.033,177.033,0,,2.7,9.221873608,0.222382155,0.481818546,,0,0,,0,0,,,,
50025,category,foods,1,68,octopus,octopus,208.9,200.033,180.033,0,,3,7.926963545,0.165803848,0.443708104,,0,0,,0,0,,,,
50026,category,foods,3,1,rice,rice,30.6,23.97,3.97,2,,3.97,10.03950336,0,0,,2,2,,2,2,,,,
50026,category,foods,3,2,spaghetti,spaghetti,32.9,26.27,6.27,0,,2.3,8.718500048,0.286714889,0.557462322,,0,0,,0,0,,,,
50026,category,foods,3,3,sandwich,sandwich,35.6,28.97,8.97,1,,2.7,10.2592721,0.251615858,0.552107046,,0,0,,0,0,,,,
50026,category,foods,3,4,tomato,tomato,37.3,30.67,10.67,1,,1.7,8.966483779,0.223945411,0.486330994,,1,0,,0,0,,,,
50026,category,foods,3,5,cucumber,cucumber,39.7,33.07,13.07,0,,2.4,7.925880317,0.235494362,0.461212147,,0,1,,0,0,,,,
50026,category,foods,3,6,lettuce,lettuce,41.6,34.97,14.97,0,,1.9,8.490438454,0.296114597,0.524920352,,0,0,,0,0,,,,
50026,category,foods,3,7,cabbage,cabbage,42.7,36.07,16.07,0,,1.1,8.76499033,0.432704389,0.657209094,,0,0,,0,0,,,,
50026,category,foods,3,8,peas,peas,44.8,38.17,18.17,0,,2.1,8.895081532,0.30195186,0.535114645,,1,1,,0,0,,,,
50026,category,foods,3,9,carrots,carrots,47.2,40.57,20.57,0,,2.4,8.750999691,0.387204747,0.59266473,,0,0,,0,0,,,,
50026,category,foods,3,10,kale,kale,51.7,45.07,25.07,0,,4.5,7.781973234,0.227944646,0.458407994,,1,1,,0,0,,,,
50026,category,foods,3,11,beef,beef,55.2,48.57,28.57,1,,3.5,9.854717388,0.276958722,0.543931697,,0,0,,0,0,,,,
50026,category,foods,3,12,mutton,mutton,56.5,49.87,29.87,0,,1.3,8.605204069,0.586328651,0.733460119,,0,0,,0,0,,,,
50026,category,foods,3,13,bacon,bacon,61,54.37,34.37,0,,4.5,10.09786119,0.172197651,0.477590496,,1,1,,1,0,,,,
50026,category,foods,3,14,ham,ham,63,56.37,36.37,0,,2,9.941890624,0.641833167,0.79404077,,0,0,,0,0,,,,
50026,category,foods,3,15,shrimp,shrimp,64.9,58.27,38.27,0,,1.9,8.653994233,0.337355573,0.598594115,,1,1,,1,0,,,,
50026,category,foods,3,16,lobster,lobster,66.9,60.27,40.27,0,,2,8.798605651,0.557277855,0.698825676,,0,0,,0,0,,,,
50026,category,foods,3,17,eggs,eggs,71,64.37,44.37,0,,4.1,10.74694949,0.235041625,0.540204287,,0,0,,1,0,,,,
50026,category,foods,3,18,sushi,sushi,74.5,67.87,47.87,1,,3.5,7.483806688,0.141559707,0.426572258,,1,0,,1,1,,,,
50026,category,foods,3,19,ramen,ramen,77.7,71.07,51.07,0,,3.2,6.905753276,0.141749403,0.319344778,,0,1,,0,0,,,,
50026,category,foods,3,20,ravioli,ravioli,81.1,74.47,54.47,1,,3.4,6.309918278,0.107101845,0.340083829,,1,0,,0,0,,,,
50026,category,foods,3,21,tortellini,tortellini,82.8,76.17,56.17,0,,1.7,4.644390899,0.351082215,0.380152874,,0,0,,0,0,,,,
50026,category,foods,3,22,soup,soup,86.6,79.97,59.97,1,,3.8,10.50998693,0.243329659,0.346474791,,1,1,,0,0,,,,
50026,category,foods,3,23,stew,stew,88.4,81.77,61.77,0,,1.8,9.879348537,0.712349344,0.834141187,,0,0,,0,0,,,,
50026,category,foods,3,24,macaroni,macaroni,91.4,84.77,64.77,1,,3,7.458762692,0.202309085,0.508124205,,1,1,,1,1,,,,
50026,category,foods,3,25,casserole,casserole,94.8,88.17,68.17,0,,3.4,8.018625465,0.336070072,0.527964498,,0,0,,0,0,,,,
50026,category,foods,3,26,cobbler,cobbler,96.3,89.67,69.67,1,,1.5,7.764720545,0.143655631,0.459431024,,1,1,,1,1,,,,
50026,category,foods,3,27,cake,cake,98.6,91.97,71.97,0,,2.3,10.67209001,0.149545857,0.497937451,,0,0,,0,0,,,,
50026,category,foods,3,28,pie,pie,99.9,93.27,73.27,0,,1.3,10.1931302,0.589975949,0.786922432,,0,0,,0,0,,,,
50026,category,foods,3,29,ice_cream,ice_cream,105.7,99.07,79.07,0,,5.8,9.956696511,0.381139749,0.65853403,,0,0,,1,0,,,,
50026,category,foods,3,30,mango,mango,108.4,101.77,81.77,1,,2.7,7.708859601,0.121705088,0.440604461,,1,0,,1,1,,,,
50026,category,foods,3,31,spinach,spinach,110.2,103.57,83.57,0,,1.8,7.763446389,0.169093708,0.415958952,,0,1,,0,0,,,,
50026,category,foods,3,32,strawberries,strawberries,112.5,105.87,85.87,0,,2.3,8.50512061,0.279143599,0.55687554,,0,0,,0,0,,,,
50026,category,foods,3,33,blueberries,blueberries,114.2,107.57,87.57,0,,1.7,6.895682698,0.627964623,0.726932027,,0,0,,0,0,,,,
50026,category,foods,3,34,orange,orange,117.4,110.77,90.77,0,,3.2,11.19445423,0.128923947,0.401707393,,1,1,,1,0,,,,
50026,category,foods,3,35,banana,banana,118.6,111.97,91.97,0,,1.2,8.893435441,0.207986991,0.513354933,,0,0,,0,0,,,,
50026,category,foods,3,36,apple,apple,120.1,113.47,93.47,0,,1.5,10.46743679,0.446216976,0.678280641,,0,0,,0,0,,,,
50026,category,foods,3,37,nectarine,nectarine,124.1,117.47,97.47,0,,4,4.828313737,0.271880905,0.295934263,,1,1,,1,0,,,,
50026,category,foods,3,38,peach,peach,125.2,118.57,98.57,0,,1.1,9.205227323,0.29276844,0.323225602,,0,0,,0,0,,,,
50026,category,foods,3,39,blackberries,blackberries,127.3,120.67,100.67,0,,2.1,7.111512116,0.21183728,0.444261398,,1,0,,0,0,,,,
50026,category,foods,3,40,raspberries,raspberries,128.6,121.97,101.97,0,,1.3,7.318539549,0.63013335,0.697978411,,0,0,,0,0,,,,
50026,category,foods,3,41,mulberries,mulberries,131,124.37,104.37,0,,2.4,5.049856007,0.394872233,0.424040911,,0,0,,1,0,,,,
50026,category,foods,3,42,oxalis,oxalis,142.4,135.77,115.77,1,,11.4,2.944438979,0.013733904,0.03641755,,0,1,,1,1,,,,
50026,category,foods,3,43,chicken,chicken,148.2,141.57,121.57,1,,5.8,10.6803093,0.00200996,0.09830007,,1,0,,1,1,,,,
50026,category,foods,3,44,duck,duck,150.3,143.67,123.67,0,,2.1,10.19928659,0.313890342,0.599826881,,0,0,,0,0,,,,
50026,category,foods,3,45,turkey,turkey,152.5,145.87,125.87,0,,2.2,9.715892113,0.335143181,0.621314375,,0,0,,0,0,,,,
50026,category,foods,3,46,pheasant,pheasant,153.9,147.27,127.27,0,,1.4,7.656337166,0.474700558,0.65760196,,0,0,,0,0,,,,
50026,category,foods,3,47,alligator,alligator,156.3,149.67,129.67,0,,2.4,8.18729927,0.214373153,0.510373346,,1,1,,1,0,,,,
50026,category,foods,3,48,tongue,tongue,160.2,153.57,133.57,0,,3.9,12.12529091,0.286682011,0.554127015,,0,0,,0,0,,,,
50026,category,foods,3,49,lasagna,lasagna,172.5,165.87,145.87,1,,12.3,7.626082758,0.14972618,0.434338317,,0,0,,0,0,,,,
50026,category,foods,3,50,tetrazzini,tetrazzini,179.1,172.47,152.47,0,,6.6,3.737669618,0.122224132,0.113612915,,0,0,,0,0,,,,
50026,category,foods,3,51,quiche,quiche,182.2,175.57,155.57,0,,3.1,6.618738984,0.029342523,0.06973012,,1,1,,0,0,,,,
50026,category,foods,3,52,brioche,brioche,185,178.37,158.37,1,,2.8,5.66296048,0.26140006,0.417716255,,0,0,,0,0,,,,
50026,category,foods,3,53,stir_fry,stir_fry,190.5,183.87,163.87,1,,5.5,6.224558429,0.104153514,0.317457913,,1,1,,0,0,,,,
50026,category,foods,3,54,pot_pie,pot_pie,194.7,188.07,168.07,1,,4.2,5.365976015,0.525019207,0.490321708,,0,0,,0,0,,,,
50026,category,foods,3,55,steak,steak,202.4,195.77,175.77,1,,7.7,9.583970757,0.090350279,0.291914433,,1,1,,1,1,,,,
50026,category,foods,3,56,gravy,gravy,204.3,197.67,177.67,1,,1.9,8.721602345,0.328765431,0.560546824,,0,0,,0,0,,,,
50026,category,foods,3,57,biscuit,biscuit,206.2,199.57,179.57,1,,1.9,9.11018849,0.227263481,0.517528538,,0,0,,0,0,,,,
50027,category,foods,1,1,chocolate,chocolate,36.6,22.347,2.347,2,,2.347,10.67106944,0,0,,2,2,,2,2,,,,
50027,category,foods,1,2,ice_cream,ice_cream,37.5,23.247,3.247,1,,0.9,9.956696511,0.365845358,0.635526847,,0,0,,0,0,,,,
50027,category,foods,1,3,sushi,sushi,39.9,25.647,5.647,1,,2.4,7.483806688,0.28202442,0.516620617,,0,0,,0,0,,,,
50027,category,foods,1,4,chicken_fingers,chicken_fingers,41,26.747,6.747,0,,1.1,4.276666119,0.163968721,0.208888311,,1,1,,0,0,,,,
50027,category,foods,1,5,fries,fries,42.2,27.947,7.947,0,,1.2,8.481358738,0.293654775,0.328321693,,0,0,,0,0,,,,
50027,category,foods,1,6,burger,burger,43.2,28.947,8.947,0,,1,8.939843124,0.204292159,0.505053169,,1,0,,0,0,,,,
50027,category,foods,1,7,sandwich,sandwich,44.2,29.947,9.947,0,,1,10.2592721,0.399437961,0.652595801,,0,0,,0,0,,,,
50027,category,foods,1,8,quesadilla,quesadilla,45.7,31.447,11.447,1,,1.5,4.234106505,0.404592675,0.404040309,,0,0,,0,0,,,,
50027,category,foods,1,9,taco,taco,46.8,32.547,12.547,0,,1.1,7.200424893,0.267384786,0.277516918,,1,1,,0,0,,,,
50027,category,foods,1,10,burrito,burrito,48.1,33.847,13.847,0,,1.3,6.745236349,0.434642035,0.550853191,,0,0,,0,0,,,,
50027,category,foods,1,11,panini,panini,51.3,37.047,17.047,1,,3.2,4.912654886,0.285407973,0.302256405,,0,1,,1,1,,,,
50027,category,foods,1,12,pizza,pizza,52.7,38.447,18.447,1,,1.4,9.951944328,0.186594209,0.345043093,,0,0,,1,1,,,,
50027,category,foods,1,13,grilled_cheese,grilled_cheese,53.6,39.347,19.347,1,,0.9,6.598509029,0.093767208,0.283545315,,0,0,,1,1,,,,
50027,category,foods,1,14,wrap,wrap,57,42.747,22.747,0,,3.4,10.3423552,0.013276419,0.102803862,,1,1,,1,0,,,,
50027,category,foods,1,15,oreo_cookies,oreo_cookies,62.5,48.247,28.247,1,,5.5,4.356708827,0.037350811,0.143561376,,0,0,,0,0,,,,
50027,category,foods,1,16,teriyaki_chicken,teriyaki_chicken,78.7,64.447,44.447,1,,16.2,2.944438979,0.0001,0.140503881,,1,0,,0,0,,,,
50027,category,foods,1,17,cheese_curds,cheese_curds,92.3,78.047,58.047,1,,13.6,3.871201011,0.000163,0.047430415,,0,1,,0,0,,,,
50027,category,foods,1,18,fried_pickles,fried_pickles,93.9,79.647,59.647,0,,1.6,3.663561646,0.27923493,0.261813927,,0,0,,0,0,,,,
50027,category,foods,1,19,mozzarella_sticks,mozzarella_sticks,102.3,88.047,68.047,1,,8.4,3.688879454,0.17003058,0.103233819,,1,1,,0,0,,,,
50027,category,foods,1,20,boneless_wings,chicken_wings,104.5,90.247,70.247,0,,2.2,5.676753802,0.412337861,0.273872264,,0,0,,0,0,,,,
50027,category,foods,1,21,caesar_salad,caesar_salad,106.5,92.247,72.247,0,,2,5.883322388,0.174455561,0.302458264,,0,0,,1,0,,,,
50027,category,foods,1,22,flatbread,flatbread,112.8,98.547,78.547,0,,6.3,6.238324625,0.085186335,0.322810269,,1,0,,1,0,,,,
50027,category,foods,1,23,rice_cake,rice_cake,115.5,101.247,81.247,1,,2.7,4.543294782,0.227085703,0.320487408,,0,0,,0,0,,,,
50027,category,foods,1,24,peanut_butter_and_jelly_sandwiches,peanut_butter_and_jelly,116.9,102.647,82.647,1,,1.4,6.270988432,0.055740022,0.196922256,,1,1,,1,1,,,,
50027,category,foods,1,25,nutella,nutella,119.4,105.147,85.147,0,,2.5,4.430816799,0.333692172,0.264516249,,0,0,,0,0,,,,
50027,category,foods,1,26,goldfish,goldfish,135.3,121.047,101.047,0,,15.9,7.859413155,0.084701969,0.200550434,,1,0,,1,0,,,,
50027,category,foods,1,27,cheez_its,cheez_its,136.4,122.147,102.147,0,,1.1,3.218875825,0.11993275,0.151914061,,0,1,,0,0,,,,
50027,category,foods,1,28,cosmic_brownies,brownie,140.7,126.447,106.447,0,,4.3,8.450198323,0.146087766,0.157533222,,0,0,,0,0,,,,
50027,category,foods,1,29,zebra_cake,snack_cake,142.1,127.847,107.847,0,,1.4,3.688879454,0.017197716,0.186441607,,1,0,,0,0,,,,
50027,category,foods,1,30,lunchables,lunchables,145.5,131.247,111.247,0,,3.4,1.791759469,0.043599273,0.034354746,,0,1,,0,0,,,,
50027,category,foods,1,31,granola_bar,granola_bar,149.2,134.947,114.947,0,,3.7,5.96100534,0.065532712,0.097542878,,0,0,,0,0,,,,
50027,category,foods,1,32,fruit_snacks,fruit_snacks,154.5,140.247,120.247,0,,5.3,2.833213344,0.183257753,0.178055994,,0,0,,0,0,,,,
50027,category,foods,1,33,chips,chips,156,141.747,121.747,0,,1.5,9.99392223,0.028436096,0.157963373,,1,1,,1,0,,,,
50027,category,foods,1,34,apple,apple,161,146.747,126.747,1,,5,10.46743679,0.099269818,0.470898519,,0,0,,0,0,,,,
50027,category,foods,1,35,banana,banana,161.6,147.347,127.347,0,,0.6,8.893435441,0.446216976,0.678280641,,0,0,,0,0,,,,
50027,category,foods,1,36,strawberries,strawberries,162.4,148.147,128.147,0,,0.8,8.50512061,0.325513365,0.555193276,,1,1,,0,0,,,,
50027,category,foods,1,37,grapes,grapes,163.5,149.247,129.247,0,,1.1,8.938794081,0.342486037,0.614968025,,0,0,,0,0,,,,
50027,category,foods,1,38,pineapple,pineapple,168.6,154.347,134.347,0,,5.1,7.983781069,0.217891212,0.528250728,,0,0,,0,0,,,,
50027,category,foods,1,39,blackberries,blackberries,169.9,155.647,135.647,0,,1.3,7.111512116,0.16441761,0.466620913,,1,0,,0,0,,,,
50027,category,foods,1,40,watermelon,watermelon,170.9,156.647,136.647,0,,1,7.490529402,0.235415426,0.457142478,,0,0,,0,0,,,,
50027,category,foods,1,41,carrots,carrots,174.8,160.547,140.547,1,,3.9,8.750999691,0.10703155,0.385719382,,1,1,,0,0,,,,
50027,category,foods,1,42,celery,celery,175.4,161.147,141.147,0,,0.6,7.773594467,0.421422158,0.644036553,,0,0,,0,0,,,,
50027,category,foods,1,43,broccoli,broccoli,176.5,162.247,142.247,0,,1.1,7.473637108,0.445514206,0.627119262,,0,1,,0,0,,,,
50027,category,foods,1,44,brussels_sprouts,brussels_sprouts,177.4,163.147,143.147,0,,0.9,6.251903883,0.583554156,0.6550512,,0,0,,0,0,,,,
50027,category,foods,1,45,papaya,papaya,183.3,169.047,149.047,0,,5.9,6.33150185,0.164717547,0.334194918,,1,1,,1,0,,,,
50027,category,foods,1,46,kiwi,kiwi,185,170.747,150.747,0,,1.7,6.725033642,0.24491867,0.350017819,,0,0,,0,0,,,,
50027,category,foods,1,47,cheese,cheese,189,174.747,154.747,1,,4,10.49971075,0.189343751,0.41783183,,1,0,,0,0,,,,
50027,category,foods,1,48,soup,soup,198.5,184.247,164.247,1,,9.5,10.50998693,0.315593702,0.614062634,,0,0,,0,0,,,,
50027,category,foods,1,49,ham,ham,204.6,190.347,170.347,1,,6.1,9.941890624,0.310636407,0.580968771,,1,1,,0,0,,,,
50027,category,foods,1,50,turkey,turkey,205.1,190.847,170.847,0,,0.5,9.715892113,0.38887621,0.603160356,,0,0,,0,0,,,,
50027,category,foods,1,51,beef,beef,206.7,192.447,172.447,0,,1.6,9.854717388,0.371378197,0.625860259,,0,0,,0,0,,,,
50029,category,foods,3,1,spaghetti,spaghetti,34.8,24.263,4.263,2,,4.263,8.718500048,0,0,,2,2,,2,2,,,,
50029,category,foods,3,2,pizza,pizza,36.2,25.663,5.663,0,,1.4,9.951944328,0.27649611,0.555698888,,0,0,,0,0,,,,
50029,category,foods,3,3,broccoli,broccoli,39.3,28.763,8.763,1,,3.1,7.473637108,0.242885817,0.521499543,,1,1,,0,0,,,,
50029,category,foods,3,4,asparagus,asparagus,42,31.463,11.463,0,,2.7,7.696667082,0.667568284,0.737161245,,0,0,,0,0,,,,
50029,category,foods,3,5,green_beans,green_beans,43.5,32.963,12.963,0,,1.5,7.21964204,0.595252483,0.707596904,,0,0,,0,0,,,,
50029,category,foods,3,6,pasta,pasta,50.9,40.363,20.363,1,,7.4,8.745284482,0.380769421,0.570701718,,0,0,,1,1,,,,
50029,category,foods,3,7,seeds,seeds,60.1,49.563,29.563,1,,9.2,9.617337639,0.13466214,0.351358261,,1,1,,1,1,,,,
50029,category,foods,3,8,almonds,almonds,64.2,53.663,33.663,0,,4.1,7.65396918,0.162677658,0.399221931,,0,0,,0,0,,,,
50029,category,foods,3,9,hamburger,hamburger,70.3,59.763,39.763,1,,6.1,8.491259809,0.172141428,0.526907037,,0,0,,0,0,,,,
50029,category,foods,3,10,chicken,chicken,82.5,71.963,51.963,0,,12.2,10.6803093,0.340404138,0.632086466,,0,0,,0,0,,,,
50029,category,foods,3,11,steak,steak,87.7,77.163,57.163,0,,5.2,9.583970757,0.49562326,0.692282244,,0,0,,0,0,,,,
50029,category,foods,3,12,apple,apple,96.4,85.863,65.863,1,,8.7,10.46743679,0.239735046,0.495497189,,1,1,,1,1,,,,
50029,category,foods,3,13,orange,orange,99.7,89.163,69.163,0,,3.3,11.19445423,0.319844157,0.595290058,,0,0,,0,0,,,,
50029,category,foods,3,14,pineapple,pineapple,105.6,95.063,75.063,0,,5.9,7.983781069,0.495586352,0.672467839,,0,0,,0,0,,,,
50029,category,foods,3,15,mango,mango,107.6,97.063,77.063,0,,2,7.708859601,0.356936191,0.543572981,,0,0,,0,0,,,,
50029,category,foods,3,16,bacon,bacon,116.8,106.263,86.263,1,,9.2,10.09786119,0.0633843,0.38700609,,1,1,,1,1,,,,
50029,category,foods,3,17,eggs,eggs,118.7,108.163,88.163,0,,1.9,10.74694949,0.356308358,0.633476506,,0,0,,0,0,,,,
50029,category,foods,3,18,sausage,sausage,120.6,110.063,90.063,0,,1.9,9.258177701,0.579440879,0.752994355,,0,0,,0,0,,,,
50029,category,foods,3,19,hot_dog,hot_dog,140.2,129.663,109.663,1,,19.6,7.832410927,0.182949379,0.487494052,,0,0,,1,1,,,,
50029,category,foods,3,20,cheese,cheese,144.8,134.263,114.263,1,,4.6,10.49971075,0.093366307,0.430886647,,1,1,,1,1,,,,
50029,category,foods,3,21,pudding,pudding,155.8,145.263,125.263,0,,11,9.209840247,0.48832126,0.675659788,,0,0,,0,0,,,,
50029,category,foods,3,22,chips,chips,158,147.463,127.463,1,,2.2,9.99392223,0.173195205,0.523295515,,1,1,,1,1,,,,
50029,category,foods,3,23,corn,corn,168.7,158.163,138.163,1,,10.7,10.06539379,0.272448117,0.571471295,,0,0,,0,0,,,,
50029,category,foods,3,24,gummy_bears,gummy_bears,182.6,172.063,152.063,1,,13.9,4.584967479,0.138896083,0.319914098,,0,0,,0,0,,,,
50029,category,foods,3,25,avocado,avocado,200.5,189.963,169.963,1,,17.9,7.089243155,0.08593375,0.236117114,,1,1,,0,0,,,,
50029,category,foods,3,26,chocolate,chocolate,211.2,200.663,180.663,1,,10.7,10.67106944,0.112371073,0.382976264,,0,0,,0,0,,,,
50030,category,foods,4,1,apple,apple,320.8,314.5443,4.5443,2,,4.5443,10.46743679,0,0,,2,2,,2,2,,,,
50030,category,foods,4,2,fruit,fruit,322.9,316.6443,6.6443,0,,2.1,10.86671912,0.512202003,0.684182617,,0,0,,0,0,,,,
50030,category,foods,4,3,orange,orange,324.2,317.9443,7.9443,0,,1.3,11.19445423,0.349322374,0.610792549,,0,0,,0,0,,,,
50030,category,foods,4,4,avocado,avocado,325.7,319.4443,9.4443,0,,1.5,7.089243155,0.231450877,0.458132538,,1,0,,0,0,,,,
50030,category,foods,4,5,dessert,dessert,327.6,321.3443,11.3443,1,,1.9,9.626283724,0.237887895,0.421520094,,0,1,,0,0,,,,
50030,category,foods,4,6,pineapple,pineapple,328.9,322.6443,12.6443,1,,1.3,7.983781069,0.319054743,0.520428292,,0,0,,0,0,,,,
50030,category,foods,4,7,pear,pear,332.6,326.3443,16.3443,0,,3.7,8.534246946,0.090173716,0.338958432,,1,1,,1,0,,,,
50030,category,foods,4,8,peach,peach,333.8,327.5443,17.5443,0,,1.2,9.205227323,0.247933505,0.442748865,,0,0,,0,0,,,,
50030,category,foods,4,9,pizza,pizza,336,329.7443,19.7443,1,,2.2,9.951944328,0.204228251,0.466554069,,1,0,,0,0,,,,
50030,category,foods,4,10,cake,cake,338,331.7443,21.7443,1,,2,10.67209001,0.355359261,0.641107274,,0,0,,0,0,,,,
50030,category,foods,4,11,ice_cream,ice_cream,341.1,334.8443,24.8443,0,,3.1,9.956696511,0.416605365,0.681596967,,0,0,,0,0,,,,
50030,category,foods,4,12,pomegranate,pomegranate,347.6,341.3443,31.3443,1,,6.5,7.007600614,0.055383124,0.374026605,,1,0,,1,1,,,,
50030,category,foods,4,13,breadsticks,breadsticks,353.3,347.0443,37.0443,1,,5.7,5.278114659,0.105831542,0.28393511,,0,1,,0,0,,,,
50030,category,foods,4,14,chicken,chicken,357.8,351.5443,41.5443,1,,4.5,10.6803093,0.314731846,0.420185633,,0,0,,0,0,,,,
50030,category,foods,4,15,wings,chicken_wings,360.4,354.1443,44.1443,0,,2.6,5.676753802,0.235736386,0.419444856,,0,0,,0,0,,,,
50030,category,foods,4,16,hamburger,hamburger,369.2,362.9443,52.9443,1,,8.8,8.491259809,0.22261672,0.414311337,,1,1,,0,0,,,,
50030,category,foods,4,17,taco,taco,370.7,364.4443,54.4443,1,,1.5,7.200424893,0.522698016,0.649500475,,0,0,,0,0,,,,
50030,category,foods,4,18,burrito,burrito,373,366.7443,56.7443,0,,2.3,6.745236349,0.434642035,0.550853191,,0,0,,0,0,,,,
50030,category,foods,4,19,chips,chips,374.6,368.3443,58.3443,0,,1.6,9.99392223,0.170296001,0.432360698,,0,1,,1,0,,,,
50030,category,foods,4,20,cheese,cheese,375.9,369.6443,59.6443,0,,1.3,10.49971075,0.139762176,0.519611875,,0,0,,1,0,,,,
50030,category,foods,4,21,salsa,salsa,379.5,373.2443,63.2443,0,,3.6,7.398786275,0.116803342,0.45763031,,0,0,,1,0,,,,
50030,category,foods,4,22,apricots,apricots,384.2,377.9443,67.9443,1,,4.7,6.867974409,0.060983455,0.424033524,,1,0,,1,1,,,,
50030,category,foods,4,23,tomato,tomato,387.1,380.8443,70.8443,1,,2.9,8.966483779,0.147354337,0.423971454,,0,1,,0,0,,,,
50030,category,foods,4,24,broccoli,broccoli,390,383.7443,73.7443,1,,2.9,7.473637108,0.26548481,0.459492861,,0,0,,0,0,,,,
50030,category,foods,4,25,tuna,tuna,393.6,387.3443,77.3443,1,,3.6,8.297543529,0.266228133,0.438896824,,0,1,,0,0,,,,
50030,category,foods,4,26,salmon,salmon,395.3,389.0443,79.0443,0,,1.7,9.221873608,0.222382155,0.481818546,,0,0,,0,0,,,,
50030,category,foods,4,27,banana,banana,397.8,391.5443,81.5443,1,,2.5,8.893435441,0.167536324,0.519413005,,1,0,,0,0,,,,
50030,category,foods,4,28,bread,bread,403.8,397.5443,87.5443,1,,6,11.3021427,0.246293505,0.508601382,,0,1,,0,0,,,,
50030,category,foods,4,29,sausage,sausage,405.1,398.8443,88.8443,0,,1.3,9.258177701,0.419344667,0.673128404,,0,0,,0,0,,,,
50030,category,foods,4,30,biscuits_and_gravy,biscuits_and_gravy,406.8,400.5443,90.5443,0,,1.7,5.214935758,0.531320336,0.570571015,,0,0,,0,0,,,,
50030,category,foods,4,31,oatmeal,oatmeal,415.8,409.5443,99.5443,1,,9,8.351138607,0.287472837,0.430857181,,1,1,,1,1,,,,
50030,category,foods,4,32,cereal,cereal,417.6,411.3443,101.3443,0,,1.8,8.815073089,0.644388532,0.744274577,,0,0,,0,0,,,,
50030,category,foods,4,33,cookie,cookie,420.1,413.8443,103.8443,1,,2.5,9.505916207,0.173157937,0.504197553,,1,0,,1,1,,,,
50030,category,foods,4,34,fries,fries,428.9,422.6443,112.6443,1,,8.8,8.481358738,0.205031273,0.501359979,,0,1,,0,0,,,,
50030,category,foods,4,35,milkshake,milkshake,430.9,424.6443,114.6443,0,,2,6.894670039,0.282189657,0.568783089,,0,0,,0,0,,,,
50030,category,foods,4,36,brownie,brownie,434.3,428.0443,118.0443,1,,3.4,8.450198323,0.209012392,0.435569932,,0,0,,0,0,,,,
50030,category,foods,4,37,soda,soda,437.8,431.5443,121.5443,1,,3.5,9.575816472,0.100745293,0.413395029,,1,1,,0,0,,,,
50030,category,foods,4,38,crackers,crackers,442.5,436.2443,126.2443,1,,4.7,8.682538124,0.139044644,0.503422758,,0,0,,0,0,,,,
50030,category,foods,4,39,chocolate,chocolate,446.3,440.0443,130.0443,1,,3.8,10.67106944,0.147721614,0.466491161,,0,0,,0,0,,,,
50030,category,foods,4,40,tangerine,tangerine,463.5,457.2443,147.2443,1,,17.2,6.672032945,0.133365642,0.373834261,,1,0,,0,0,,,,
50030,category,foods,4,41,blueberries,blueberries,468.1,461.8443,151.8443,0,,4.6,6.895682698,0.151662111,0.363314038,,0,1,,0,0,,,,
50030,category,foods,4,42,raspberries,raspberries,469.6,463.3443,153.3443,0,,1.5,7.318539549,0.754703345,0.791902677,,0,0,,0,0,,,,
50030,category,foods,4,43,strawberries,strawberries,471.9,465.6443,155.6443,0,,2.3,8.50512061,0.775868693,0.839744452,,0,0,,0,0,,,,
50030,category,foods,4,44,lettuce,lettuce,474.9,468.6443,158.6443,1,,3,8.490438454,0.218665057,0.54856638,,1,1,,1,1,,,,
50030,category,foods,4,45,spinach,spinach,476,469.7443,159.7443,0,,1.1,7.763446389,0.584779744,0.722427559,,0,0,,0,0,,,,
50030,category,foods,4,46,salad,salad,477.3,471.0443,161.0443,0,,1.3,9.964394487,0.444588758,0.654298598,,0,1,,0,0,,,,
50030,category,foods,4,47,rice,rice,480.4,474.1443,164.1443,1,,3.1,10.03950336,0.432200686,0.673802148,,1,0,,0,0,,,,
50030,category,foods,4,48,noodles,noodles,483.3,477.0443,167.0443,0,,2.9,8.169336396,0.560147301,0.733249879,,0,0,,0,0,,,,
50030,category,foods,4,49,soup,soup,487.7,481.4443,171.4443,0,,4.4,10.50998693,0.592179057,0.734844151,,0,0,,0,0,,,,
50030,category,foods,4,50,mozzarella_sticks,mozzarella_sticks,491.5,485.2443,175.2443,1,,3.8,3.688879454,0.132455202,0.138995568,,0,0,,1,1,,,,
50031,category,foods,2,1,tiramisu,tiramisu,319.1,312.9136,2.9136,2,,2.9136,5.690359454,0,0,,2,2,,2,2,,,,
50031,category,foods,2,2,apple,apple,320.9,314.7136,4.7136,1,,1.8,10.46743679,0.149585385,0.3774624,,0,0,,1,1,,,,
50031,category,foods,2,3,banana,banana,321.5,315.3136,5.3136,0,,0.6,8.893435441,0.446216976,0.678280641,,0,0,,0,0,,,,
50031,category,foods,2,4,baklava,baklava,323,316.8136,6.8136,1,,1.5,5.575949103,0.183374046,0.447188478,,1,1,,1,1,,,,
50031,category,foods,2,5,pizza,pizza,324.4,318.2136,8.2136,1,,1.4,9.951944328,0.322592807,0.54277122,,0,0,,0,0,,,,
50031,category,foods,2,6,sushi,sushi,326,319.8136,9.8136,0,,1.6,7.483806688,0.445555339,0.612264497,,0,0,,0,0,,,,
50031,category,foods,2,7,soup,soup,327.7,321.5136,11.5136,0,,1.7,10.50998693,0.247148896,0.485888663,,1,0,,1,0,,,,
50031,category,foods,2,8,mac_and_cheese,mac_and_cheese,329.3,323.1136,13.1136,0,,1.6,5.703782475,0.407064813,0.481310122,,0,0,,0,0,,,,
50031,category,foods,2,9,alfredo,alfredo_sauce,331.3,325.1136,15.1136,1,,2,3.526360525,0.087364912,0.179552832,,1,1,,1,1,,,,
50031,category,foods,2,10,salad,salad,334.3,328.1136,18.1136,1,,3,9.964394487,0.130826557,0.200443117,,0,0,,0,0,,,,
50031,category,foods,2,11,baked_potato,baked_potato,336.9,330.7136,20.7136,0,,2.6,6.499787041,0.284020135,0.526886651,,0,0,,0,0,,,,
50031,category,foods,2,12,steak,steak,338.5,332.3136,22.3136,0,,1.6,9.583970757,0.337833051,0.526055397,,0,0,,0,0,,,,
50031,category,foods,2,13,sweet_potatoes,sweet_potatoes,341.7,335.5136,25.5136,0,,3.2,6.629363253,0.354291034,0.525245757,,0,0,,0,0,,,,
50031,category,foods,2,14,pineapple,pineapple,344.3,338.1136,28.1136,1,,2.6,7.983781069,0.266506315,0.454237879,,0,0,,0,0,,,,
50031,category,foods,2,15,meat_loaf,meat_loaf,346.8,340.6136,30.6136,1,,2.5,6.668228248,0.183152906,0.41266161,,0,0,,0,0,,,,
50031,category,foods,2,16,kimchi,kimchi,349.9,343.7136,33.7136,1,,3.1,4.143134726,0.099328407,0.213972299,,0,1,,0,0,,,,
50031,category,foods,2,17,hamburger,hamburger,355.3,349.1136,39.1136,1,,5.4,8.491259809,0.055240025,0.246871843,,1,0,,0,0,,,,
50031,category,foods,2,18,sandwich,sandwich,357,350.8136,40.8136,0,,1.7,10.2592721,0.57500387,0.758279004,,0,0,,0,0,,,,
50031,category,foods,2,19,coffee,coffee,360.2,354.0136,44.0136,1,,3.2,12.43398083,0.255161745,0.608657577,,0,0,,1,1,,,,
50031,category,foods,2,20,ice_cream,ice_cream,362.3,356.1136,46.1136,1,,2.1,9.956696511,0.196444477,0.56117839,,1,0,,1,1,,,,
50031,category,foods,2,21,broccoli,broccoli,366.3,360.1136,50.1136,1,,4,7.473637108,0.211995062,0.50380679,,0,1,,0,0,,,,
50031,category,foods,2,22,zucchini,zucchini,367.5,361.3136,51.3136,0,,1.2,6.618738984,0.48410255,0.605838452,,0,0,,0,0,,,,
50031,category,foods,2,23,squash,squash,369.1,362.9136,52.9136,0,,1.6,8.592300664,0.349469355,0.503546415,,0,0,,0,0,,,,
50031,category,foods,2,24,dumplings,dumplings,372.8,366.6136,56.6136,1,,3.7,7.383368147,0.085711507,0.421732425,,0,0,,1,1,,,,
50031,category,foods,2,25,mochi,mochi,376.3,370.1136,60.1136,0,,3.5,5.463831805,0.0001,0.125704259,,1,0,,1,0,,,,
50031,category,foods,2,26,spaghetti,spaghetti,379.8,373.6136,63.6136,1,,3.5,8.718500048,0.029362731,0.104942253,,0,1,,0,0,,,,
50031,category,foods,2,27,haggis,haggis,383,376.8136,66.8136,1,,3.2,6.171700597,0.196062484,0.407801054,,0,0,,0,0,,,,
50031,category,foods,2,28,breadsticks,breadsticks,389.5,383.3136,73.3136,1,,6.5,5.278114659,0.117401745,0.279364663,,1,1,,0,0,,,,
50031,category,foods,2,29,mushrooms,mushrooms,400.9,394.7136,84.7136,1,,11.4,8.952605376,0.244113909,0.386827374,,0,0,,0,0,,,,
50031,category,foods,2,30,corn,corn,402.8,396.6136,86.6136,0,,1.9,10.06539379,0.374776278,0.596758234,,0,0,,0,0,,,,
50031,category,foods,2,31,hot_brown,turkey_sandwich,408.5,402.3136,92.3136,1,,5.7,5.831882477,0.215425575,0.360007972,,0,0,,0,0,,,,
50031,category,foods,2,32,hash_browns,hash_browns,411,404.8136,94.8136,0,,2.5,6.429719478,0.134187019,0.341327219,,1,1,,0,0,,,,
50031,category,foods,2,33,french_fries,french_fries,413.8,407.6136,97.6136,0,,2.8,7.486052618,0.153544085,0.440033429,,0,0,,0,0,,,,
50031,category,foods,2,34,popcorn,popcorn,416.4,410.2136,100.2136,1,,2.6,8.814033202,0.346001753,0.610337521,,0,0,,0,0,,,,
50031,category,foods,2,35,quinoa,quinoa,419.7,413.5136,103.5136,0,,3.3,4.94875989,0.147892187,0.230958456,,1,1,,1,0,,,,
50031,category,foods,2,36,rice,rice,421.1,414.9136,104.9136,0,,1.4,10.03950336,0.312126788,0.330046779,,0,0,,0,0,,,,
50031,category,foods,2,37,cereal,cereal,423.6,417.4136,107.4136,0,,2.5,8.815073089,0.362509009,0.609553406,,0,0,,0,0,,,,
50031,category,foods,2,38,potato_chips,potato_chips,425.8,419.6136,109.6136,1,,2.2,7.33432935,0.185512874,0.501540427,,1,1,,1,1,,,,
50031,category,foods,2,39,yogurt,yogurt,428.1,421.9136,111.9136,1,,2.3,7.711101252,0.190300987,0.543280786,,0,0,,0,0,,,,
50031,category,foods,2,40,butter,butter,429.7,423.5136,113.5136,0,,1.6,10.18516413,0.268358199,0.585845802,,0,0,,0,0,,,,
50031,category,foods,2,41,cheese,cheese,431.6,425.4136,115.4136,0,,1.9,10.49971075,0.82069509,0.894197348,,0,0,,0,0,,,,
50031,category,foods,2,42,pretzels,pretzels,434.4,428.2136,118.2136,1,,2.8,7.126890809,0.154359362,0.512846142,,1,0,,1,1,,,,
50031,category,foods,2,43,sausage,sausage,437.7,431.5136,121.5136,1,,3.3,9.258177701,0.168883264,0.509721923,,0,1,,0,0,,,,
50031,category,foods,2,44,bacon,bacon,439.2,433.0136,123.0136,0,,1.5,10.09786119,0.615894643,0.771243675,,0,0,,0,0,,,,
50031,category,foods,2,45,ham,ham,441.4,435.2136,125.2136,0,,2.2,9.941890624,0.641833167,0.79404077,,0,0,,0,0,,,,
50031,category,foods,2,46,salmon,salmon,443.6,437.4136,127.4136,1,,2.2,9.221873608,0.32340486,0.610471792,,0,0,,1,1,,,,
50031,category,foods,2,47,tilapia,tilapia,444.8,438.6136,128.6136,0,,1.2,4.110873864,0.159091583,0.221564159,,1,1,,1,0,,,,
50031,category,foods,2,48,catfish,catfish,448.5,442.3136,132.3136,0,,3.7,7.507690078,0.196652556,0.227694681,,0,0,,0,0,,,,
50031,category,foods,2,49,alligator,alligator,450.9,444.7136,134.7136,0,,2.4,8.18729927,0.327061195,0.514374156,,0,0,,0,0,,,,
50031,category,foods,2,50,bagel,bagel,456.4,450.2136,140.2136,1,,5.5,7.6989362,0.152815687,0.43456693,,0,0,,1,1,,,,
50031,category,foods,2,51,plum,plum,460.8,454.6136,144.6136,1,,4.4,9.132919225,0.072657051,0.388557855,,1,1,,1,1,,,,
50031,category,foods,2,52,tomato,tomato,463.1,456.9136,146.9136,0,,2.3,8.966483779,0.151654595,0.402599651,,0,0,,0,0,,,,
50031,category,foods,2,53,bok_choy,bok_choy,465.6,459.4136,149.4136,0,,2.5,4.574710979,0.047624901,0.131193565,,1,1,,0,0,,,,
50031,category,foods,2,54,celery,celery,467.6,461.4136,151.4136,0,,2,7.773594467,0.251004335,0.249519404,,0,0,,0,0,,,,
50031,category,foods,2,55,cupcake,cupcake,469.2,463.0136,153.0136,1,,1.6,7.890582535,0.113344408,0.357920595,,1,0,,0,0,,,,
50031,category,foods,2,56,cookie,cookie,470.9,464.7136,154.7136,1,,1.7,9.505916207,0.394373256,0.625826328,,0,0,,0,0,,,,
50031,category,foods,2,57,cake,cake,473.1,466.9136,156.9136,0,,2.2,10.67209001,0.304328819,0.590701249,,0,0,,0,0,,,,
50031,category,foods,2,58,reeses_cups,reeses_peanut_butter_cups,475.2,469.0136,159.0136,0,,2.1,2.995732274,0.025644912,0.169095083,,0,1,,1,0,,,,
50031,category,foods,2,59,gum,gum,477.2,471.0136,161.0136,0,,2,9.381179592,0.0001,0.183563148,,1,0,,1,0,,,,
50031,category,foods,2,60,milk,milk,488,481.8136,171.8136,1,,10.8,11.02020168,0.072500027,0.501228775,,0,0,,0,0,,,,
50031,category,foods,2,61,eggnog,eggnog,491.3,485.1136,175.1136,0,,3.3,6.295266001,0.539708708,0.644120162,,0,0,,0,0,,,,
50031,category,foods,2,62,turkey,turkey,494.8,488.6136,178.6136,1,,3.5,9.715892113,0.214500198,0.446565288,,0,0,,1,1,,,,
50032,category,foods,3,1,wheat,wheat,32.5,24.421,4.421,2,,4.421,9.538924436,0,0,,2,2,,2,2,,,,
50032,category,foods,3,2,barley,barley,33.7,25.621,5.621,0,,1.2,8.770904744,0.518995316,0.684142075,,0,0,,0,0,,,,
50032,category,foods,3,3,rice,rice,35.5,27.421,7.421,0,,1.8,10.03950336,0.4080812,0.646627388,,0,0,,0,0,,,,
50032,category,foods,3,4,quinoa,quinoa,37.3,29.221,9.221,0,,1.8,4.94875989,0.312126788,0.330046779,,0,0,,0,0,,,,
50032,category,foods,3,5,avocado,avocado,40.7,32.621,12.621,1,,3.4,7.089243155,0.247981162,0.286519062,,0,1,,0,0,,,,
50032,category,foods,3,6,strawberries,strawberries,42.5,34.421,14.421,0,,1.8,8.50512061,0.210711757,0.457221068,,1,0,,0,0,,,,
50032,category,foods,3,7,banana,banana,44.6,36.521,16.521,0,,2.1,8.893435441,0.325513365,0.555193276,,0,0,,0,0,,,,
50032,category,foods,3,8,grapes,grapes,46.2,38.121,18.121,0,,1.6,8.938794081,0.195168248,0.525031382,,1,1,,1,0,,,,
50032,category,foods,3,9,cherries,cherries,48.1,40.021,20.021,0,,1.9,8.038512021,0.450724084,0.663443692,,0,0,,0,0,,,,
50032,category,foods,3,10,watermelon,watermelon,51.2,43.121,23.121,0,,3.1,7.490529402,0.326470773,0.546202574,,0,0,,1,0,,,,
50032,category,foods,3,11,broccoli,broccoli,60.4,52.321,32.321,1,,9.2,7.473637108,0.252924404,0.47663425,,1,1,,1,1,,,,
50032,category,foods,3,12,brussels_sprouts,brussels_sprouts,62.9,54.821,34.821,0,,2.5,6.251903883,0.583554156,0.6550512,,0,0,,0,0,,,,
50032,category,foods,3,13,peppers,peppers,68.5,60.421,40.421,0,,5.6,7.820439515,0.209010445,0.453513236,,1,0,,1,0,,,,
50032,category,foods,3,14,eggplant,eggplant,71.2,63.121,43.121,0,,2.7,7.655390645,0.226708184,0.438528018,,0,1,,0,0,,,,
50032,category,foods,3,15,spinach,spinach,72.8,64.721,44.721,0,,1.6,7.763446389,0.285898282,0.470000107,,0,0,,0,0,,,,
50032,category,foods,3,16,carrots,carrots,81,72.921,52.921,0,,8.2,8.750999691,0.386412861,0.615979164,,0,0,,0,0,,,,
50032,category,foods,3,17,taro,taro,83.6,75.521,55.521,0,,2.6,6.754604099,0.100268974,0.3301368,,1,1,,1,0,,,,
50032,category,foods,3,18,okra,okra,87.8,79.721,59.721,0,,4.2,6.91968385,0.237185479,0.393205531,,0,0,,0,0,,,,
50032,category,foods,3,19,corn,corn,89.9,81.821,61.821,0,,2.1,10.06539379,0.296851092,0.494081495,,0,0,,0,0,,,,
50032,category,foods,3,20,beans,beans,92.4,84.321,64.321,0,,2.5,9.95056196,0.361976167,0.610037593,,0,0,,0,0,,,,
50032,category,foods,3,21,peas,peas,94,85.921,65.921,0,,1.6,8.895081532,0.323720875,0.573251936,,0,0,,0,0,,,,
50032,category,foods,3,22,cheese,cheese,103.7,95.621,75.621,1,,9.7,10.49971075,0.161658312,0.483230314,,1,1,,1,1,,,,
50032,category,foods,3,23,noodles,noodles,107.6,99.521,79.521,1,,3.9,8.169336396,0.233084646,0.548595474,,0,0,,0,0,,,,
50032,category,foods,3,24,pizza,pizza,109.7,101.621,81.621,1,,2.1,9.951944328,0.217776807,0.508482984,,1,1,,0,0,,,,
50032,category,foods,3,25,pasta,pasta,116.7,108.621,88.621,1,,7,8.745284482,0.320428706,0.589788512,,0,0,,0,0,,,,
50032,category,foods,3,26,chicken_wings,chicken_wings,124.8,116.721,96.721,1,,8.1,5.676753802,0.281684008,0.439355989,,0,0,,0,0,,,,
50032,category,foods,3,27,hot_dog,hot_dog,126.6,118.521,98.521,1,,1.8,7.832410927,0.098269716,0.313688772,,1,1,,1,1,,,,
50032,category,foods,3,28,cake,cake,131.4,123.321,103.321,1,,4.8,10.67209001,0.202765121,0.514373707,,0,0,,0,0,,,,
50032,category,foods,3,29,ratatouille,ratatouille,139,130.921,110.921,1,,7.6,4.615120517,0.074167787,0.30154387,,1,0,,1,1,,,,
50032,category,foods,3,30,fondue,fondue,151.7,143.621,123.621,1,,12.7,5.620400866,0.10262164,0.199715152,,0,1,,0,0,,,,
50032,category,foods,3,31,sushi,sushi,157,148.921,128.921,1,,5.3,7.483806688,0.131333151,0.282734364,,0,0,,0,0,,,,
50032,category,foods,3,32,sashimi,sashimi,161.8,153.721,133.721,0,,4.8,5.272999559,0.315116584,0.394361622,,0,0,,0,0,,,,
50032,category,foods,3,33,stir_fry,stir_fry,171.6,163.521,143.521,1,,9.8,6.224558429,0.178011253,0.241945447,,1,1,,1,1,,,,
50032,category,foods,3,34,soup,soup,173.4,165.321,145.321,1,,1.8,10.50998693,0.471899027,0.571727895,,0,0,,0,0,,,,
50032,category,foods,3,35,plantains,plantains,177.4,169.321,149.321,1,,4,5.641907071,0.201473629,0.413647697,,0,0,,1,1,,,,
50032,category,foods,3,36,salad,salad,188.2,180.121,160.121,1,,10.8,9.964394487,0.192067196,0.395862159,,1,1,,1,1,,,,
50032,category,foods,3,37,cereal,cereal,192.5,184.421,164.421,1,,4.3,8.815073089,0.375516308,0.6245776,,0,0,,0,0,,,,
50032,category,foods,3,38,yogurt,yogurt,202.1,194.021,174.021,1,,9.6,7.711101252,0.310888532,0.578634048,,1,1,,0,0,,,,
50032,category,foods,3,39,bread,bread,206.2,198.121,178.121,1,,4.1,11.3021427,0.350978158,0.630087021,,0,0,,0,0,,,,
50033,category,foods,2,1,fats,fats,321.3,312.553,2.553,2,,2.553,7.216709487,0,0,,2,2,,2,2,,,,
50033,category,foods,2,2,subway,subway_sandwich,322.5,313.753,3.753,0,,1.2,2.890371758,0.068104586,0.113065093,,0,0,,1,0,,,,
50033,category,foods,2,3,chicken,chicken,326,317.253,7.253,1,,3.5,10.6803093,0.017605417,0.057338531,,1,1,,1,1,,,,
50033,category,foods,2,4,beef,beef,327.4,318.653,8.653,1,,1.4,9.854717388,0.485733217,0.689504674,,0,0,,0,0,,,,
50033,category,foods,2,5,stew,stew,328.7,319.953,9.953,0,,1.3,9.879348537,0.40671271,0.661909107,,1,1,,0,0,,,,
50033,category,foods,2,6,soup,soup,330.2,321.453,11.453,0,,1.5,10.50998693,0.712349344,0.834141187,,0,0,,0,0,,,,
50033,category,foods,2,7,potatoes,potatoes,331.6,322.853,12.853,1,,1.4,9.890655574,0.346608277,0.630316835,,0,0,,1,1,,,,
50033,category,foods,2,8,fries,fries,332.9,324.153,14.153,0,,1.3,8.481358738,0.270171814,0.583439774,,0,0,,1,0,,,,
50033,category,foods,2,9,sushi,sushi,337,328.253,18.253,1,,4.1,7.483806688,0.220407397,0.47593885,,1,0,,1,1,,,,
50033,category,foods,2,10,sashimi,sashimi,338.7,329.953,19.953,0,,1.7,5.272999559,0.315116584,0.394361622,,0,0,,0,0,,,,
50033,category,foods,2,11,candy,candy,342,333.253,23.253,1,,3.3,10.20643994,0.138644313,0.308894583,,1,1,,1,1,,,,
50033,category,foods,2,12,candy_cane,candy_cane,343.6,334.853,24.853,0,,1.6,6.042632834,0.223056777,0.423535551,,0,0,,0,0,,,,
50033,category,foods,2,13,reeses,reeses_peanut_butter_cups,346.2,337.453,27.453,0,,2.6,2.995732274,0.030511359,0.134931121,,1,0,,1,0,,,,
50033,category,foods,2,14,grains,grains,348.9,340.153,30.153,1,,2.7,8.713910628,0.043241399,0.062303287,,0,1,,0,0,,,,
50033,category,foods,2,15,proteins,proteins,350.5,341.753,31.753,0,,1.6,7.33432935,0.0385062,0.166148891,,1,0,,0,0,,,,
50033,category,foods,2,16,nutrients,nutrients,355.1,346.353,36.353,0,,4.6,7.303843225,0.24632265,0.457328466,,0,0,,0,0,,,,
50033,category,foods,2,17,milk,milk,358.6,349.853,39.853,1,,3.5,11.02020168,0.134172302,0.462455277,,1,0,,0,0,,,,
50033,category,foods,2,18,gravy,gravy,364.9,356.153,46.153,1,,6.3,8.721602345,0.225592978,0.565860916,,0,0,,0,0,,,,
50033,category,foods,2,19,meat_loaf,meat_loaf,366.7,357.953,47.953,0,,1.8,6.668228248,0.486932038,0.589285055,,0,0,,0,0,,,,
50033,category,foods,2,20,omelette,omelette,371,362.253,52.253,1,,4.3,7.431891917,0.360799157,0.520876706,,1,1,,0,0,,,,
50033,category,foods,2,21,sausage,sausage,372.5,363.753,53.753,0,,1.5,9.258177701,0.558606128,0.687135597,,0,0,,0,0,,,,
50033,category,foods,2,22,eggs,eggs,374.4,365.653,55.653,0,,1.9,10.74694949,0.579440879,0.752994355,,0,0,,0,0,,,,
50033,category,foods,2,23,bacon,bacon,378.8,370.053,60.053,0,,4.4,10.09786119,0.356308358,0.633476506,,0,0,,1,0,,,,
50033,category,foods,2,24,apple,apple,383.5,374.753,64.753,1,,4.7,10.46743679,0.055648786,0.407762147,,1,0,,1,1,,,,
50033,category,foods,2,25,kiwi,kiwi,385.4,376.653,66.653,0,,1.9,6.725033642,0.095967325,0.357508951,,0,0,,0,0,,,,
50033,category,foods,2,26,tomato,tomato,388.5,379.753,69.753,0,,3.1,8.966483779,0.110772792,0.34881057,,0,1,,0,0,,,,
50033,category,foods,2,27,pineapple,pineapple,392,383.253,73.253,0,,3.5,7.983781069,0.501319425,0.639090453,,0,0,,0,0,,,,
50033,category,foods,2,28,ham,ham,394.7,385.953,75.953,1,,2.7,9.941890624,0.264013697,0.531078204,,0,0,,1,1,,,,
50033,category,foods,2,29,stir_fry_chicken,stir_fry,398.8,390.053,80.053,1,,4.1,6.224558429,0.14720705,0.349374547,,1,1,,1,1,,,,
50033,category,foods,2,30,noodles,noodles,403.2,394.453,84.453,0,,4.4,8.169336396,0.513930319,0.590920572,,0,0,,0,0,,,,
50033,category,foods,2,31,ramen,ramen,404.9,396.153,86.153,0,,1.7,6.905753276,0.181073506,0.388010096,,0,0,,1,0,,,,
50033,category,foods,2,32,flatbread,flatbread,407.5,398.753,88.753,1,,2.6,6.238324625,0.045888149,0.238615996,,1,1,,1,1,,,,
50033,category,foods,2,33,spinach,spinach,411.2,402.453,92.453,1,,3.7,7.763446389,0.312864174,0.493502313,,0,0,,0,0,,,,
50033,category,foods,2,34,salad,salad,411.9,403.153,93.153,0,,0.7,9.964394487,0.444588758,0.654298598,,0,0,,0,0,,,,
50033,category,foods,2,35,cashews,cashews,414.2,405.453,95.453,1,,2.3,5.710427017,0.233517356,0.493082388,,1,1,,1,1,,,,
50033,category,foods,2,36,walnuts,walnuts,415.6,406.853,96.853,0,,1.4,7.253470383,0.478648107,0.583160631,,0,0,,0,0,,,,
50033,category,foods,2,37,peanuts,peanuts,416.6,407.853,97.853,0,,1,8.256607345,0.359212475,0.578795445,,0,0,,0,0,,,,
50033,category,foods,2,38,lettuce,lettuce,420.6,411.853,101.853,1,,4,8.490438454,0.149777862,0.488526894,,1,1,,1,1,,,,
50033,category,foods,2,39,watermelon,watermelon,435.8,427.053,117.053,1,,15.2,7.490529402,0.284673259,0.517292372,,0,0,,0,0,,,,
50033,category,foods,2,40,fats,fats,440.5,431.753,121.753,1,,4.7,7.216709487,0.189785823,0.400240381,,1,1,,0,0,,,,
50033,category,foods,2,41,ice_cream,ice_cream,441.5,432.753,122.753,1,,1,9.956696511,0.219804637,0.474218433,,0,0,,0,0,,,,
50033,category,foods,2,42,yogurt,yogurt,450.2,441.453,131.453,0,,8.7,7.711101252,0.384171982,0.630943463,,0,0,,0,0,,,,
50033,category,foods,2,43,cereal,cereal,454.2,445.453,135.453,0,,4,8.815073089,0.310888532,0.578634048,,0,0,,0,0,,,,
50033,category,foods,2,44,pancakes,pancakes,457.9,449.153,139.153,0,,3.7,8.726318951,0.229459795,0.557611812,,1,1,,0,0,,,,
50033,category,foods,2,45,waffles,waffles,458.9,450.153,140.153,0,,1,7.340186835,0.794095186,0.813036873,,0,0,,0,0,,,,
50033,category,foods,2,46,oatmeal,oatmeal,462.9,454.153,144.153,0,,4,8.351138607,0.327401396,0.553616922,,0,1,,1,0,,,,
50033,category,foods,2,47,sandwich,sandwich,466.4,457.653,147.653,1,,3.5,10.2592721,0.279785956,0.578346503,,0,0,,1,1,,,,
50033,category,foods,2,48,curry,curry,472.7,463.953,153.953,1,,6.3,8.612503371,0.146732762,0.47483594,,1,0,,1,1,,,,
50033,category,foods,2,49,pot_roast,pot_roast,475.1,466.353,156.353,0,,2.4,6.81563999,0.199095686,0.437361196,,0,0,,0,0,,,,
50033,category,foods,2,50,hotpot,hotpot,476.9,468.153,158.153,0,,1.8,4.941642423,0.172509745,0.322547083,,0,0,,0,0,,,,
50033,category,foods,2,51,barbecue,barbecue,478.5,469.753,159.753,0,,1.6,8.785080637,0.129596955,0.317478356,,1,1,,0,0,,,,
50033,category,foods,2,52,hamburger,hamburger,487.7,478.953,168.953,0,,9.2,8.491259809,0.337459256,0.585847952,,0,0,,0,0,,,,
50033,category,foods,2,53,hot_dog,hot_dog,489.4,480.653,170.653,0,,1.7,7.832410927,0.544173846,0.700043901,,0,0,,0,0,,,,
50033,category,foods,2,54,pretzels,pretzels,490.6,481.853,171.853,0,,1.2,7.126890809,0.205415706,0.469036672,,1,1,,1,0,,,,
50033,category,foods,2,55,fish,fish,495.9,487.153,177.153,1,,5.3,11.65383458,0.208210743,0.538109513,,0,0,,0,0,,,,
50033,category,foods,2,56,salmon,salmon,497.3,488.553,178.553,0,,1.4,9.221873608,0.354449216,0.638656611,,0,0,,0,0,,,,
50033,category,foods,2,57,tuna,tuna,499.2,490.453,180.453,0,,1.9,8.297543529,0.222382155,0.481818546,,0,0,,0,0,,,,
50034,category,foods,3,1,hamburger,hamburger,31.7,23.693,3.693,2,,3.693,8.491259809,0,0,,2,2,,2,2,,,,
50034,category,foods,3,2,hot_dog,hot_dog,32.9,24.893,4.893,0,,1.2,7.832410927,0.544173846,0.700043901,,0,0,,0,0,,,,
50034,category,foods,3,3,ice_cream,ice_cream,34.2,26.193,6.193,0,,1.3,9.956696511,0.294810534,0.553056223,,0,0,,1,0,,,,
50034,category,foods,3,4,juice,juice,37.3,29.293,9.293,1,,3.1,10.50408075,0.139055178,0.525174511,,0,0,,1,1,,,,
50034,category,foods,3,5,carrots,carrots,40.5,32.493,12.493,1,,3.2,8.750999691,0.126803766,0.484723542,,1,1,,1,1,,,,
50034,category,foods,3,6,broccoli,broccoli,41.6,33.593,13.593,0,,1.1,7.473637108,0.498447799,0.653434205,,0,0,,0,0,,,,
50034,category,foods,3,7,garlic,garlic,43.1,35.093,15.093,0,,1.5,9.100302267,0.296658841,0.580828703,,1,1,,1,0,,,,
50034,category,foods,3,8,onions,onions,44.2,36.193,16.193,0,,1.1,9.124673545,0.48659087,0.711174782,,0,0,,0,0,,,,
50034,category,foods,3,9,spinach,spinach,46.6,38.593,18.593,0,,2.4,7.763446389,0.425991557,0.639466349,,0,0,,0,0,,,,
50034,category,foods,3,10,eggs,eggs,47.9,39.893,19.893,1,,1.3,10.74694949,0.284842207,0.581830845,,0,0,,0,0,,,,
50034,category,foods,3,11,apple,apple,49.3,41.293,21.293,1,,1.4,10.46743679,0.102203645,0.435961294,,1,1,,1,1,,,,
50034,category,foods,3,12,banana,banana,50.3,42.293,22.293,0,,1,8.893435441,0.446216976,0.678280641,,0,0,,0,0,,,,
50034,category,foods,3,13,raspberries,raspberries,51.7,43.693,23.693,0,,1.4,7.318539549,0.22259434,0.494391434,,0,0,,1,0,,,,
50034,category,foods,3,14,orange,orange,53,44.993,24.993,0,,1.3,11.19445423,0.148582368,0.450351083,,1,1,,1,0,,,,
50034,category,foods,3,15,plum,plum,56.3,48.293,28.293,0,,3.3,9.132919225,0.26775127,0.515521044,,0,0,,0,0,,,,
50034,category,foods,3,16,strawberries,strawberries,58.6,50.593,30.593,0,,2.3,8.50512061,0.207690713,0.428125157,,1,1,,0,0,,,,
50034,category,foods,3,17,lemon,lemon,60.3,52.293,32.293,0,,1.7,9.585071321,0.213574905,0.51151982,,0,0,,0,0,,,,
50034,category,foods,3,18,lime,lime,61.4,53.393,33.393,0,,1.1,9.185022564,0.47040547,0.611849672,,0,0,,0,0,,,,
50034,category,foods,3,19,grapefruit,grapefruit,63,54.993,34.993,0,,1.6,7.520234556,0.325109217,0.478901664,,0,0,,0,0,,,,
50034,category,foods,3,20,french_fries,french_fries,64.6,56.593,36.593,1,,1.6,7.486052618,0.189114625,0.47026318,,1,1,,0,0,,,,
50034,category,foods,3,21,ice_cream,ice_cream,66.1,58.093,38.093,1,,1.5,9.956696511,0.364897381,0.601069382,,0,0,,0,0,,,,
50034,category,foods,3,22,waffles,waffles,68.1,60.093,40.093,1,,2,7.340186835,0.316323456,0.540064048,,1,1,,0,0,,,,
50034,category,foods,3,23,pancakes,pancakes,69.6,61.593,41.593,0,,1.5,8.726318951,0.794095186,0.813036873,,0,0,,0,0,,,,
50034,category,foods,3,24,chocolate,chocolate,71.1,63.093,43.093,1,,1.5,10.67106944,0.229721021,0.545599775,,1,1,,1,1,,,,
50034,category,foods,3,25,candy,candy,72.9,64.893,44.893,0,,1.8,10.20643994,0.308187701,0.597112244,,0,0,,0,0,,,,
50034,category,foods,3,26,twizzlers,twizzlers,75.1,67.093,47.093,0,,2.2,4.025351691,0.175107504,0.337789791,,0,0,,0,0,,,,
50034,category,foods,3,27,almonds,almonds,81.2,73.193,53.193,1,,6.1,7.65396918,0.079799405,0.320853602,,1,1,,0,0,,,,
50034,category,foods,3,28,peanuts,peanuts,82.3,74.293,54.293,0,,1.1,8.256607345,0.345276902,0.62091747,,0,0,,0,0,,,,
50034,category,foods,3,29,pasta,pasta,90.6,82.593,62.593,1,,8.3,8.745284482,0.281751465,0.563524233,,1,1,,0,0,,,,
50034,category,foods,3,30,tomato,tomato,91.6,83.593,63.593,0,,1,8.966483779,0.474947952,0.60621458,,0,0,,0,0,,,,
50034,category,foods,3,31,steak,steak,94.9,86.893,66.893,1,,3.3,9.583970757,0.255177196,0.469618471,,1,1,,1,1,,,,
50034,category,foods,3,32,chicken,chicken,97.2,89.193,69.193,0,,2.3,10.6803093,0.49562326,0.692282244,,0,0,,0,0,,,,
50034,category,foods,3,33,cheese,cheese,104.1,96.093,76.093,1,,6.9,10.49971075,0.261095086,0.55127746,,0,0,,1,1,,,,
50034,category,foods,3,34,tortilla,tortilla,105.7,97.693,77.693,0,,1.6,6.864847778,0.114417214,0.34194987,,1,1,,1,0,,,,
50034,category,foods,3,35,salsa,salsa,107.6,99.593,79.593,0,,1.9,7.398786275,0.748097464,0.68269213,,0,0,,0,0,,,,
50034,category,foods,3,36,asparagus,asparagus,109.7,101.693,81.693,1,,2.1,7.696667082,0.222185321,0.480880879,,1,1,,1,1,,,,
50034,category,foods,3,37,peppers,peppers,115.6,107.593,87.593,0,,5.9,7.820439515,0.224334477,0.494773586,,0,0,,0,0,,,,
50034,category,foods,3,38,bread,bread,120.8,112.793,92.793,1,,5.2,11.3021427,0.171334969,0.509654596,,1,0,,0,0,,,,
50034,category,foods,3,39,bagel,bagel,122,113.993,93.993,0,,1.2,7.6989362,0.245815136,0.505662323,,0,1,,0,0,,,,
50034,category,foods,3,40,soup,soup,123.5,115.493,95.493,0,,1.5,10.50998693,0.173129503,0.514945173,,1,0,,0,0,,,,
50034,category,foods,3,41,yogurt,yogurt,126.3,118.293,98.293,1,,2.8,7.711101252,0.32418191,0.616322099,,0,0,,0,0,,,,
50034,category,foods,3,42,cream_cheese,cream_cheese,127.4,119.393,99.393,0,,1.1,7.17930797,0.185269283,0.516807909,,0,0,,0,0,,,,
50034,category,foods,3,43,cookie,cookie,129.3,121.293,101.293,1,,1.9,9.505916207,0.086432857,0.375841573,,1,1,,0,0,,,,
50034,category,foods,3,44,brownie,brownie,130.5,122.493,102.493,0,,1.2,8.450198323,0.215325093,0.509016792,,0,0,,0,0,,,,
50034,category,foods,3,45,pork,pork,134.9,126.893,106.893,1,,4.4,9.213634939,0.084354657,0.365130676,,1,1,,0,0,,,,
50034,category,foods,3,46,crab,crab,142.4,134.393,114.393,0,,7.5,9.021235863,0.185141482,0.442781673,,0,0,,0,0,,,,
50034,category,foods,3,47,lobster,lobster,143.2,135.193,115.193,0,,0.8,8.798605651,0.490440167,0.678237788,,0,0,,0,0,,,,
50034,category,foods,3,48,zucchini,zucchini,154.7,146.693,126.693,1,,11.5,6.618738984,0.136692367,0.374874123,,1,1,,1,1,,,,
50034,category,foods,3,49,eggplant,eggplant,155.6,147.593,127.593,0,,0.9,7.655390645,0.378920317,0.476471951,,0,0,,0,0,,,,
50034,category,foods,3,50,lettuce,lettuce,157.5,149.493,129.493,0,,1.9,8.490438454,0.252052087,0.465085705,,0,0,,0,0,,,,
50034,category,foods,3,51,mango,mango,159.8,151.793,131.793,1,,2.3,7.708859601,0.125847572,0.431475996,,1,1,,0,0,,,,
50034,category,foods,3,52,avocado,avocado,160.7,152.693,132.693,0,,0.9,7.089243155,0.389411077,0.516622449,,0,0,,0,0,,,,
50034,category,foods,3,53,tuna,tuna,168.2,160.193,140.193,1,,7.5,8.297543529,0.384795498,0.492481533,,0,0,,0,0,,,,
50034,category,foods,3,54,rice,rice,169.7,161.693,141.693,1,,1.5,10.03950336,0.269839805,0.491400134,,0,0,,0,0,,,,
50034,category,foods,3,55,taco,taco,174.5,166.493,146.493,0,,4.8,7.200424893,0.262570654,0.48720765,,0,0,,0,0,,,,
50034,category,foods,3,56,kabob,kabob,180.8,172.793,152.793,1,,6.3,4.941642423,0.058652001,0.176828485,,1,1,,1,1,,,,
50034,category,foods,3,57,ham,ham,200.4,192.393,172.393,1,,19.6,9.941890624,0.066844252,0.19651806,,0,0,,0,0,,,,
50034,category,foods,3,58,crackers,crackers,207.5,199.493,179.493,1,,7.1,8.682538124,0.462968961,0.685798117,,0,0,,0,0,,,,
50036,category,foods,1,1,chocolate,chocolate,28.8,22.218,2.218,2,,2.218,10.67106944,0,0,,2,2,,2,2,,,,
50036,category,foods,1,2,sandwich,sandwich,29.8,23.218,3.218,1,,1,10.2592721,0.24025977,0.564115492,,0,0,,1,1,,,,
50036,category,foods,1,3,ham,ham,30.8,24.218,4.218,1,,1,9.941890624,0.395553777,0.632067594,,0,0,,0,0,,,,
50036,category,foods,1,4,beef,beef,31.8,25.218,5.218,0,,1,9.854717388,0.424254213,0.640402869,,0,0,,0,0,,,,
50036,category,foods,1,5,pudding,pudding,33,26.418,6.418,1,,1.2,9.209840247,0.331755218,0.610469678,,0,0,,0,0,,,,
50036,category,foods,1,6,rice_cake,rice_cake,34.6,28.018,8.018,1,,1.6,4.543294782,0.173827,0.325015226,,0,1,,0,0,,,,
50036,category,foods,1,7,rice,rice,35.6,29.018,9.018,0,,1,10.03950336,0.169456276,0.330916297,,1,0,,0,0,,,,
50036,category,foods,1,8,stir_fry,stir_fry,36.8,30.218,10.218,0,,1.2,6.224558429,0.401193976,0.52319198,,0,0,,0,0,,,,
50036,category,foods,1,9,sausage,sausage,41.6,35.018,15.018,1,,4.8,9.258177701,0.196909361,0.410092984,,0,1,,1,1,,,,
50036,category,foods,1,10,hot_dog,hot_dog,42.4,35.818,15.818,0,,0.8,7.832410927,0.182949379,0.487494052,,1,0,,1,0,,,,
50036,category,foods,1,11,hamburger,hamburger,43.1,36.518,16.518,0,,0.7,8.491259809,0.544173846,0.700043901,,0,0,,0,0,,,,
50036,category,foods,1,12,french_fries,french_fries,44,37.418,17.418,0,,0.9,7.486052618,0.454814206,0.639756685,,0,0,,0,0,,,,
50036,category,foods,1,13,salad,salad,45.9,39.318,19.318,1,,1.9,9.964394487,0.36626121,0.622280878,,0,0,,0,0,,,,
50036,category,foods,1,14,kale,kale,48.3,41.718,21.718,0,,2.4,7.781973234,0.278278878,0.515144115,,1,0,,0,0,,,,
50036,category,foods,1,15,broccoli,broccoli,49.8,43.218,23.218,1,,1.5,7.473637108,0.301667931,0.485936322,,0,1,,0,0,,,,
50036,category,foods,1,16,celery,celery,50.6,44.018,24.018,0,,0.8,7.773594467,0.445514206,0.627119262,,0,0,,0,0,,,,
50036,category,foods,1,17,carrots,carrots,52.2,45.618,25.618,0,,1.6,8.750999691,0.421422158,0.644036553,,0,0,,0,0,,,,
50036,category,foods,1,18,raspberries,raspberries,53.6,47.018,27.018,1,,1.4,7.318539549,0.142686512,0.503516325,,1,0,,1,1,,,,
50036,category,foods,1,19,dessert,dessert,55.7,49.118,29.118,1,,2.1,9.626283724,0.268999945,0.492990056,,0,1,,0,0,,,,
50036,category,foods,1,20,ice_cream,ice_cream,56.3,49.718,29.718,0,,0.6,9.956696511,0.529464119,0.721850036,,0,0,,0,0,,,,
50036,category,foods,1,21,ice_cream_sandwich,ice_cream_sandwich,58.9,52.318,32.318,0,,2.6,4.304065093,0.32264514,0.357542499,,0,0,,1,0,,,,
50036,category,foods,1,22,cake,cake,63.3,56.718,36.718,0,,4.4,10.67209001,0.192497187,0.250415566,,1,1,,1,0,,,,
50036,category,foods,1,23,cupcake,cupcake,64.3,57.718,37.718,0,,1,7.890582535,0.411330638,0.621276612,,0,0,,0,0,,,,
50036,category,foods,1,24,whipped_cream,whipped_cream,67.6,61.018,41.018,0,,3.3,7.711101252,0.333627547,0.484917153,,1,1,,0,0,,,,
50036,category,foods,1,25,cherries,cherries,68.9,62.318,42.318,0,,1.3,8.038512021,0.473991195,0.669632389,,0,0,,0,0,,,,
50036,category,foods,1,26,cookie,cookie,72.8,66.218,46.218,0,,3.9,9.505916207,0.256998541,0.511445419,,0,1,,1,0,,,,
50036,category,foods,1,27,candy,candy,75,68.418,48.418,0,,2.2,10.20643994,0.245913308,0.561630764,,0,0,,1,0,,,,
50036,category,foods,1,28,candy_cane,candy_cane,76.2,69.618,49.618,0,,1.2,6.042632834,0.223056777,0.423535551,,0,0,,1,0,,,,
50036,category,foods,1,29,chocolate_chips,chocolate_chips,77.4,70.818,50.818,0,,1.2,6.091309882,0.2061605,0.326936865,,0,1,,1,0,,,,
50036,category,foods,1,30,mashed_potatoes,mashed_potatoes,82.9,76.318,56.318,1,,5.5,7.851271997,0.147537445,0.421531181,,1,0,,1,1,,,,
50036,category,foods,1,31,beans,beans,85,78.418,58.418,1,,2.1,9.95056196,0.254327604,0.557740894,,0,0,,0,0,,,,
50036,category,foods,1,32,butter,butter,88.7,82.118,62.118,1,,3.7,10.18516413,0.272564961,0.593585019,,0,0,,0,0,,,,
50036,category,foods,1,33,cream,cream,89.9,83.318,63.318,0,,1.2,10.50539625,0.235535473,0.534863984,,0,0,,0,0,,,,
50036,category,foods,1,34,french_toast,french_toast,92.5,85.918,65.918,1,,2.6,6.791221463,0.13522424,0.401788369,,1,1,,0,0,,,,
50036,category,foods,1,35,pancakes,pancakes,93.3,86.718,66.718,0,,0.8,8.726318951,0.787264503,0.795318525,,0,0,,0,0,,,,
50036,category,foods,1,36,waffles,waffles,94.1,87.518,67.518,0,,0.8,7.340186835,0.794095186,0.813036873,,0,0,,0,0,,,,
50036,category,foods,1,37,bacon,bacon,96.5,89.918,69.918,0,,2.4,10.09786119,0.497988312,0.640877604,,0,0,,1,0,,,,
50036,category,foods,1,38,raisin_bread,raisin_bread,100.7,94.118,74.118,0,,4.2,4.219507705,0.126680977,0.286594422,,0,0,,1,0,,,,
50036,category,foods,1,39,macaroni_and_cheese,macaroni_and_cheese,105.5,98.918,78.918,1,,4.8,6.668228248,0.03989534,0.163029314,,1,1,,1,1,,,,
50036,category,foods,1,40,pasta,pasta,106.9,100.318,80.318,0,,1.4,8.745284482,0.450953599,0.602629826,,0,0,,0,0,,,,
50036,category,foods,1,41,spaghetti,spaghetti,107.7,101.118,81.118,0,,0.8,8.718500048,0.671942142,0.772822485,,0,0,,0,0,,,,
50036,category,foods,1,42,linguine,linguine,108.7,102.118,82.118,0,,1,5.236441963,0.493301469,0.51751042,,0,0,,1,0,,,,
50036,category,foods,1,43,pesto,pesto,111.1,104.518,84.518,0,,2.4,6.135564891,0.485940659,0.392095579,,0,0,,1,0,,,,
50036,category,foods,1,44,salmon,salmon,114.2,107.618,87.618,1,,3.1,9.221873608,0.174014786,0.338048824,,1,1,,1,1,,,,
50036,category,foods,1,45,tuna,tuna,115.2,108.618,88.618,0,,1,8.297543529,0.222382155,0.481818546,,0,0,,0,0,,,,
50036,category,foods,1,46,shrimp,shrimp,119.4,112.818,92.818,0,,4.2,8.653994233,0.447137804,0.560617927,,0,0,,0,0,,,,
50036,category,foods,1,47,souffle,souffle,122,115.418,95.418,1,,2.6,6.146329258,0.118412819,0.321093614,,1,0,,1,1,,,,
50036,category,foods,1,48,casserole,casserole,125,118.418,98.418,1,,3,8.018625465,0.138504669,0.307277473,,0,1,,0,0,,,,
50036,category,foods,1,49,eggplant,eggplant,126.3,119.718,99.718,1,,1.3,7.655390645,0.203287876,0.437906423,,0,0,,0,0,,,,
50036,category,foods,1,50,eggs,eggs,129.1,122.518,102.518,0,,2.8,10.74694949,0.174308373,0.456205936,,1,0,,0,0,,,,
50036,category,foods,1,51,deviled_eggs,deviled_eggs,130.6,124.018,104.018,0,,1.5,5.303304908,0.259998833,0.449715968,,0,0,,0,0,,,,
50036,category,foods,1,52,jello,jello,139.3,132.718,112.718,1,,8.7,5.837730447,0.156028506,0.279193972,,1,1,,0,0,,,,
50036,category,foods,1,53,soup,soup,141.8,135.218,115.218,1,,2.5,10.50998693,0.30382994,0.496575563,,0,0,,0,0,,,,
50036,category,foods,1,54,broth,broth,144.2,137.618,117.618,0,,2.4,8.772145439,0.830673496,0.882542908,,0,0,,0,0,,,,
50036,category,foods,1,55,pastry,pastry,151.1,144.518,124.518,1,,6.9,8.787983396,0.269745194,0.561392669,,0,0,,1,1,,,,
50036,category,foods,1,56,danish,danish,152.8,146.218,126.218,0,,1.7,8.545391846,0.238019434,0.517954121,,0,0,,1,0,,,,
50036,category,foods,1,57,eclair,eclair,154.6,148.018,128.018,0,,1.8,5.068904202,0.078024952,0.265391117,,1,0,,1,0,,,,
50036,category,foods,1,58,mille_feuille,mille_feuille,156.2,149.618,129.618,0,,1.6,3.295836866,0.174807509,0.111346028,,0,0,,0,0,,,,
50036,category,foods,1,59,grains,grains,167.6,161.018,141.018,1,,11.4,8.713910628,0.009639704,0.059607423,,1,1,,0,0,,,,
50036,category,foods,1,60,sesame_seeds,sesame_seeds,169.1,162.518,142.518,0,,1.5,5.123963979,0.170010979,0.136376995,,0,0,,0,0,,,,
50036,category,foods,1,61,crackers,crackers,171.4,164.818,144.818,1,,2.3,8.682538124,0.094280421,0.232800985,,1,0,,0,0,,,,
50036,category,foods,1,62,hors_doeuvres,hors_doeuvres,173.9,167.318,147.318,0,,2.5,6.684611728,0.185813656,0.494168592,,0,0,,0,0,,,,
50036,category,foods,1,63,peas,peas,176.4,169.818,149.818,1,,2.5,8.895081532,0.138087431,0.400238467,,1,1,,0,0,,,,
50036,category,foods,1,64,cottage_cheese,cottage_cheese,179.1,172.518,152.518,1,,2.7,6.265301213,0.154323495,0.408852281,,0,0,,0,0,,,,
50036,category,foods,1,65,yogurt,yogurt,181.1,174.518,154.518,0,,2,7.711101252,0.537868072,0.674669478,,0,0,,0,0,,,,
50036,category,foods,1,66,stew,stew,195.7,189.118,169.118,1,,14.6,9.879348537,0.295846426,0.578711824,,0,0,,1,1,,,,
50036,category,foods,1,67,omelette,omelette,200.2,193.618,173.618,1,,4.5,7.431891917,0.247665224,0.527762057,,1,0,,1,1,,,,
50036,category,foods,1,68,sushi,sushi,203.5,196.918,176.918,1,,3.3,7.483806688,0.254166736,0.45997573,,0,0,,0,0,,,,
